structure,Metric,Eigengene,std_beta,std_se,std_stat,p_value,p_fdr,r_squared,RegionGroup
Parasubiculum,mrtrixad_mean,Eigengene_2,-0.4918752807969311,0.03753706243200252,-13.103723331785785,3.034393169508873e-34,1.6385723115347914e-32,0.24194129185905913,Hippocampal_Formation
Postsubiculum,mrtrixad_mean,Eigengene_3,0.19174912395700258,0.042313054254423346,4.531677689916639,7.2156692821118596e-6,2.4661148179369647e-05,0.036767726538277985,Hippocampal_Formation
Postsubiculum,mrtrixad_mean,Eigengene_4,0.26384849644676195,0.041585312742793624,6.344752006042918,4.731235842104587e-10,2.903258357655087e-9,0.06961602907721696,Hippocampal_Formation
Postsubiculum,mrtrixad_mean,Eigengene_5,0.10705925752413199,0.0428652751416688,2.497575419037985,0.012802188330227907,0.030320972361066092,0.011461684621618408,Hippocampal_Formation
Hippocampus,mrtrixad_mean,Eigengene_6,-0.2711287355447265,0.04149817949072533,-6.533509153222556,1.4915035868469147e-10,1.1343830097145548e-9,0.07351079123808234,Hippocampal_Formation
Postsubiculum,mrtrixad_mean,Eigengene_8,0.21914287963473145,0.0420651026303718,5.20961238488709,2.7000161930372304e-7,1.104552078969776e-6,0.048023601694602396,Hippocampal_Formation
Hippocampus,mrtrixfa_mean,Eigengene_2,0.36885319262563404,0.04007305879803786,9.204518040027795,7.578822885963141e-19,2.728376238946731e-17,0.13605267771012286,Hippocampal_Formation
Parasubiculum,mrtrixfa_mean,Eigengene_4,-0.1953832108995393,0.04228214227748613,-4.620939251783714,4.786611481335654e-6,2.4853559614627435e-5,0.03817459910141385,Hippocampal_Formation
Parasubiculum,mrtrixfa_mean,Eigengene_6,0.34190696220178496,0.04051480130647623,8.439063038108289,2.9728426357349636e-16,6.9797174925951325e-15,0.11690037080205272,Hippocampal_Formation
Parasubiculum,mrtrixfa_mean,Eigengene_8,-0.15125067228983333,0.04261706453800162,-3.5490635952873566,4.204335491718429e-4,0.0016693685040646703,0.022876765868126637,Hippocampal_Formation
Parasubiculum,mrtrixmd_mean,Eigengene_2,-0.4869825500539465,0.037655452167792244,-12.93259068790246,1.6676640244687753e-33,8.586673331518443e-32,0.23715200405704318,Hippocampal_Formation
Parasubiculum,mrtrixmd_mean,Eigengene_3,0.18751164532985237,0.04234833825002422,4.427839511028396,1.1532453109459872e-5,3.916682188118447e-5,0.035160617134308146,Hippocampal_Formation
Postsubiculum,mrtrixmd_mean,Eigengene_4,0.2550272780873172,0.04168747878462925,6.117598989492002,1.8295394551798336e-9,1.00811357734399e-8,0.0650389125686256,Hippocampal_Formation
Hippocampus,mrtrixmd_mean,Eigengene_6,-0.27610310421568596,0.04143717140959755,-6.663174507894518,6.642470153994179e-11,6.642470153994179e-10,0.0762329241575379,Hippocampal_Formation
Postsubiculum,mrtrixmd_mean,Eigengene_8,0.20684072974969495,0.04218072536168999,4.903678824299094,1.2475713198213312e-6,4.917434399295758e-6,0.0427830874833862,Hippocampal_Formation
Parasubiculum,mrtrixrd_mean,Eigengene_2,-0.48363350726889076,0.03773559526363804,-12.816374139324079,5.270062377414189e-33,3.1620374264485133e-31,0.23390136935320824,Hippocampal_Formation
Parasubiculum,mrtrixrd_mean,Eigengene_3,0.1859493579728426,0.04236114066475458,4.3896211257492554,1.3673098793810083e-5,4.586008291091581e-5,0.034577163730512346,Hippocampal_Formation
Parasubiculum,mrtrixrd_mean,Eigengene_4,0.2513200749781441,0.04172930602407491,6.022627714756385,3.181936810538635e-9,1.7713875027740854e-8,0.06316178008702002,Hippocampal_Formation
Hippocampus,mrtrixrd_mean,Eigengene_6,-0.2792065965248126,0.04139850033329446,-6.744364995759584,3.9767752490678205e-11,4.668388335862224e-10,0.07795632354296979,Hippocampal_Formation
Hippocampus,mrtrixrd_mean,Eigengene_8,0.2054433144653777,0.04219341737057991,4.869084498678853,1.4760059986055941e-6,5.860612053286918e-6,0.04220695545852019,Hippocampal_Formation
Postsubiculum,msd_RAS_060622_mean,Eigengene_1,0.14435715434590057,0.02636083689998404,5.476197697880676,8.197700046359182e-8,2.0494250115897956e-7,0.07729281301176802,Hippocampal_Formation
Hippocampus,msd_RAS_060622_mean,Eigengene_10,-0.15847225924482697,0.026403510120223163,-6.001939080192553,4.781351365422936e-9,1.4587173657222516e-8,0.09142422596882276,Hippocampal_Formation
Parasubiculum,msd_RAS_060622_mean,Eigengene_2,-0.1815702885046931,0.041177214677676266,-4.409484466736631,1.3720421332999235e-5,2.3977435339221965e-5,0.05151380410218532,Hippocampal_Formation
Postsubiculum,msd_RAS_060622_mean,Eigengene_3,0.18822251352160288,0.04494027384184801,4.188281410656017,3.5431082724852034e-5,5.9234627465696896e-5,0.04671039493076062,Hippocampal_Formation
Parasubiculum,msd_RAS_060622_mean,Eigengene_4,0.30333750313003716,0.044189021043392465,6.8645445399699545,2.953604601083151e-11,1.5046664948914167e-10,0.11631551737048247,Hippocampal_Formation
Postsubiculum,msd_RAS_060622_mean,Eigengene_5,0.22523349322008185,0.04674163281314749,4.818691168117006,2.1383069918654847e-6,4.21418166280059e-6,0.060909180250587114,Hippocampal_Formation
Hippocampus,msd_RAS_060622_mean,Eigengene_7,0.11511481193351389,0.023591999044558956,4.8794004999785265,1.6046635839389464e-6,3.3073218905611874e-6,0.062357297359193965,Hippocampal_Formation
Hippocampus,msd_RAS_060622_mean,Eigengene_8,0.3590935100078008,0.04798903245481281,7.4828245463362615,5.68990700498686e-13,3.990324393107668e-12,0.13525037559756325,Hippocampal_Formation
Parasubiculum,msd_RAS_060622_mean,Eigengene_9,0.04750890478362968,0.017996857922289798,2.639844409994929,0.008657254843816136,0.011157321278426523,0.019094177144278593,Hippocampal_Formation
Hippocampus,ng_RAS_060622_mean,Eigengene_1,-0.14962593414339026,0.026278643342636045,-5.693822629748476,2.5913404127395408e-8,7.950703539087228e-8,0.08303787719388227,Hippocampal_Formation
Hippocampus,ng_RAS_060622_mean,Eigengene_10,0.12863800847148793,0.026852782687906772,4.790490801887002,2.440956496871803e-6,5.209946673165113e-6,0.0602411715040817,Hippocampal_Formation
Postsubiculum,ng_RAS_060622_mean,Eigengene_2,0.21577871331984305,0.04071356799734353,5.2999214741857585,2.0301853003196725e-7,5.088071819995278e-7,0.07275305806887979,Hippocampal_Formation
Hippocampus,ng_RAS_060622_mean,Eigengene_3,-0.17802157124166965,0.04505623224694276,-3.951097603234436,9.372266712476867e-5,1.5815700077304712e-4,0.041784543474495464,Hippocampal_Formation
Postsubiculum,ng_RAS_060622_mean,Eigengene_4,-0.3626711304385102,0.0429218792076541,-8.449563186269728,7.448641904903772e-16,1.2569583214525116e-14,0.16626904927298075,Hippocampal_Formation
Postsubiculum,ng_RAS_060622_mean,Eigengene_5,-0.30107389461365897,0.045533337337925105,-6.612164014670015,1.3790038767845623e-10,6.895019383922811e-10,0.1088336039112533,Hippocampal_Formation
Hippocampus,ng_RAS_060622_mean,Eigengene_7,-0.07427155142625678,0.024045560952717027,-3.0887843112624274,0.0021668224941730407,0.0032145168869600056,0.02595791817137706,Hippocampal_Formation
Postsubiculum,ng_RAS_060622_mean,Eigengene_8,-0.26158000413440374,0.04971930036869322,-5.261136061743801,2.4706957875011523e-7,6.120072134177166e-7,0.07176826582914358,Hippocampal_Formation
Parasubiculum,ng_RAS_060622_mean,Eigengene_9,-0.04621925870415462,0.018006236085760442,-2.5668473124544553,0.010668535286674859,0.014734038503336122,0.01807161064736628,Hippocampal_Formation
Postsubiculum,qiv_RAS_060622_mean,Eigengene_1,0.14666285604215457,0.02632526173656887,5.571183204549974,4.980433407455517e-8,1.5112068967621515e-7,0.07978160419481016,Hippocampal_Formation
Hippocampus,qiv_RAS_060622_mean,Eigengene_10,-0.15230744926562337,0.026504660281471474,-5.746440348533591,1.951232784038516e-8,6.3093754693461e-8,0.08444950010096682,Hippocampal_Formation
Postsubiculum,qiv_RAS_060622_mean,Eigengene_2,-0.1694042781392839,0.041321789310048276,-4.099635591000161,5.124233281392507e-5,9.254468133618574e-5,0.04484177574547933,Hippocampal_Formation
Postsubiculum,qiv_RAS_060622_mean,Eigengene_3,0.20069606811691748,0.04478925521730706,4.480897642597243,1.0015527268623009e-5,2.06426897902917e-5,0.053106555051959645,Hippocampal_Formation
Postsubiculum,qiv_RAS_060622_mean,Eigengene_4,0.29533521540246627,0.04434018006030113,6.6606679314522506,1.0289321475802367e-10,5.192741679376896e-10,0.11025947267102454,Hippocampal_Formation
Postsubiculum,qiv_RAS_060622_mean,Eigengene_5,0.2199421121852035,0.046811965445438114,4.698416528602243,3.7442485911529964e-6,8.354934872820737e-6,0.058080934104796325,Hippocampal_Formation
Hippocampus,qiv_RAS_060622_mean,Eigengene_7,0.10808034208569399,0.023684764305488396,4.563285523624521,6.930414007556524e-6,1.4676170839531462e-5,0.054969057252461796,Hippocampal_Formation
Hippocampus,qiv_RAS_060622_mean,Eigengene_8,0.36430336359585874,0.04787922184579989,7.608798755525651,2.4711855139826207e-13,2.052984888539408e-12,0.1392033637590548,Hippocampal_Formation
Parasubiculum,qiv_RAS_060622_mean,Eigengene_9,0.05648870617792892,0.017924237713543945,3.1515262785900693,0.0017611381757292447,0.0026198749721592068,0.026994430227365324,Hippocampal_Formation
Postsubiculum,rd_mean,Eigengene_2,-0.20802502355645677,0.042169898652577455,-4.933021662449315,1.0808998227533144e-6,4.8640492023899146e-06,0.04327441042566438,Hippocampal_Formation
Postsubiculum,rd_mean,Eigengene_3,0.13552808841156505,0.0427152788900337,3.172824617637844,0.001595839486375889,0.003698512114347554,0.018367862748492964,Hippocampal_Formation
Postsubiculum,rd_mean,Eigengene_4,0.1853906797745869,0.042365691910168944,4.375962516266328,1.452653328236342e-5,4.9647645395419285e-5,0.034369704147283464,Hippocampal_Formation
Hippocampus,rd_mean,Eigengene_6,-0.24632709413851883,0.04178460795861499,-5.895163462643715,6.612827567796708e-9,7.439431013771297e-8,0.06067703730672748,Hippocampal_Formation
Parasubiculum,rd_mean,Eigengene_8,0.24921612414854535,0.04175275347562402,5.968854827599383,4.339119058753765e-9,5.325282481197803e-8,0.06210867653562343,Hippocampal_Formation
Postsubiculum,rd_mean,Eigengene_8,0.24925135487138636,0.041752362578006436,5.969754511632895,4.316740267858684e-9,5.325282481197803e-8,0.0621262379052216,Hippocampal_Formation
Postsubiculum,rtop_RAS_060622_mean,Eigengene_1,-0.14984300207400836,0.026275188247308793,-5.702832674827967,2.4688134277018177e-8,6.258963619525736e-8,0.08327898425780832,Hippocampal_Formation
Hippocampus,rtop_RAS_060622_mean,Eigengene_10,0.15275802242127673,0.0264974162144785,5.765015773040088,1.7644126737122454e-8,4.625159435944721e-8,0.0849498953324666,Hippocampal_Formation
Postsubiculum,rtop_RAS_060622_mean,Eigengene_2,0.21143923261847966,0.04077711517452029,5.185242548756812,3.6162250224659956e-7,7.25933647632579e-7,0.06985623944649004,Hippocampal_Formation
Postsubiculum,rtop_RAS_060622_mean,Eigengene_3,-0.1745116994087052,0.04509457106682151,-3.86990485285052,1.2936735883097928e-4,1.7958450840290183e-4,0.04015313854581117,Hippocampal_Formation
Parasubiculum,rtop_RAS_060622_mean,Eigengene_4,-0.34571409912636997,0.043310981240949155,-7.982134997198084,1.9737848521711963e-14,1.8376617589180101e-13,0.15108440015489064,Hippocampal_Formation
Postsubiculum,rtop_RAS_060622_mean,Eigengene_5,-0.2824506456151397,0.045865454328674594,-6.158243709766428,1.976371049357315e-9,6.277884509723236e-9,0.09578598136253619,Hippocampal_Formation
Hippocampus,rtop_RAS_060622_mean,Eigengene_7,-0.11033596144739659,0.023655694951985537,-4.664245192176676,4.381059676201117e-6,7.510388016344772e-6,0.05728738980912281,Hippocampal_Formation
Hippocampus,rtop_RAS_060622_mean,Eigengene_8,-0.3266628887869509,0.048631972622360825,-6.717039658735791,7.30661727212132e-11,3.0824791616761823e-10,0.11192393340237525,Hippocampal_Formation
Parasubiculum,rtop_RAS_060622_mean,Eigengene_9,-0.04151386126215337,0.018038227857200606,-2.301437901261549,0.0219406210197635,0.027236632990051243,0.014579316663210013,Hippocampal_Formation
Postsubiculum,volume_percentage_mean,Eigengene_10,-0.14785245425866764,0.04263922421844813,-3.467522145834406,5.673097244177315e-4,0.0020842326385330755,0.021860348230311404,Hippocampal_Formation
Postsubiculum,volume_percentage_mean,Eigengene_2,-0.16424364910692302,0.04252757740153089,-3.8620504421446458,1.2612772273117002e-4,5.974471076739631e-4,0.026975976271958066,Hippocampal_Formation
Hippocampus,volume_percentage_mean,Eigengene_3,-0.16086776603800568,0.04255155547482404,-3.7805378497428688,1.7400470164554956e-4,7.83021157404973e-4,0.02587843815005871,Hippocampal_Formation
Parasubiculum,volume_percentage_mean,Eigengene_4,-0.10647297359894836,0.042867989328807914,-2.4837407880802322,0.013304408948853437,0.030834252499488655,0.011336494107002376,Hippocampal_Formation
Postsubiculum,volume_percentage_mean,Eigengene_6,-0.19437977893048292,0.042290737856463555,-4.596273056058175,5.3651146500594525e-6,3.8120551460948745e-5,0.03778349845706346,Hippocampal_Formation
Parasubiculum,volume_percentage_mean,Eigengene_7,-0.19326968287565344,0.04230019355596394,-4.569002329030813,6.082756534473142e-6,4.211139139250637e-5,0.037353170318855704,Hippocampal_Formation
Parasubiculum,volume_percentage_mean,Eigengene_9,-0.18484945263606384,0.04237008746754846,-4.3627347424675795,1.5401442698958997e-5,9.336067859395535e-5,0.03416932013985252,Hippocampal_Formation
Amygdalopiriform_Transition_Area,mrtrixfa_mean,Eigengene_4,0.1642935666141059,0.042527219011123996,3.86325676671054,1.2552305508378267e-4,5.422595979619412e-4,0.026992376030783506,Olfactory_Amygdala
Posterolateral_Cortical_Amygdaloid_Area,mrtrixfa_mean,Eigengene_5,0.18110064858458513,0.042400168230233785,4.271224764986895,2.2987362551203145e-5,1.0701013601422153e-4,0.0327974449177572,Olfactory_Amygdala
Posterolateral_Cortical_Amygdaloid_Area,mrtrixfa_mean,Eigengene_6,0.16815230402876857,0.042499175645838945,3.9566015451697876,8.62110813314959e-5,3.8159003212301465e-4,0.02827519735018322,Olfactory_Amygdala
Amygdalopiriform_Transition_Area,mrtrixfa_mean,Eigengene_9,0.11852327530559041,0.04280916921400572,2.768642267106029,0.005823174234826974,0.017765616309641616,0.014047766789164771,Olfactory_Amygdala
Amygdalopiriform_Transition_Area,mrtrixrd_mean,Eigengene_10,-0.18104209207452637,0.042400633037316844,-4.269796913531716,2.3130138089431444e-5,7.304254133504666e-5,0.03277623910272137,Olfactory_Amygdala
Amygdalopiriform_Transition_Area,mrtrixrd_mean,Eigengene_4,-0.15494806714064469,0.04259236838655254,-3.637930291511228,3.013063220010228e-4,8.259158065002654e-4,0.02400890351062163,Olfactory_Amygdala
Amygdalopiriform_Transition_Area,mrtrixrd_mean,Eigengene_6,0.24138949024367912,0.04183813547381698,5.769604393454503,1.3422153456506139e-8,6.773797071507771e-8,0.058268886000103014,Olfactory_Amygdala
Amygdalopiriform_Transition_Area,mrtrixrd_mean,Eigengene_7,0.1451028015807221,0.04265677789864236,3.4016353022608468,7.196383480232707e-4,0.0019143089060717543,0.02105482302657427,Olfactory_Amygdala
Amygdalopiriform_Transition_Area,mrtrixrd_mean,Eigengene_8,0.21935328006737595,0.04206306423360767,5.214866868688953,2.628176313058218e-7,1.1087618820714357e-6,0.04811586147631619,Olfactory_Amygdala
Posterolateral_Cortical_Amygdaloid_Area,msd_RAS_060622_mean,Eigengene_1,0.1246070250450366,0.026640794411443312,4.677301401774745,4.126323849124419e-6,7.736857217108286e-6,0.05759006166865465,Olfactory_Amygdala
Posterolateral_Cortical_Amygdaloid_Area,msd_RAS_060622_mean,Eigengene_10,-0.1314213972146819,0.02681510806808515,-4.901020606778656,1.4476939091479105e-6,3.0183579572968017e-6,0.06287629652947563,Olfactory_Amygdala
Posterolateral_Cortical_Amygdaloid_Area,msd_RAS_060622_mean,Eigengene_2,-0.19978298737780043,0.04094096051363787,-4.879782615536111,1.601751792810983e-6,3.3073218905611874e-6,0.06236645525450596,Olfactory_Amygdala
Posterolateral_Cortical_Amygdaloid_Area,msd_RAS_060622_mean,Eigengene_3,0.10103334651371189,0.04571733891505135,2.2099568546945556,0.02774033477985173,0.0341225074740773,0.013458599773789083,Olfactory_Amygdala
Posterolateral_Cortical_Amygdaloid_Area,msd_RAS_060622_mean,Eigengene_4,0.24070491880820663,0.04525318263394954,5.319071605532261,1.8418063820667277e-7,4.3813896313481623e-7,0.07324118661098762,Olfactory_Amygdala
Posterolateral_Cortical_Amygdaloid_Area,msd_RAS_060622_mean,Eigengene_5,0.2566997903216664,0.04628629239919805,5.54591385518089,5.69021926201562e-8,1.4702001920997297e-7,0.0791166404507955,Olfactory_Amygdala
Posterolateral_Cortical_Amygdaloid_Area,msd_RAS_060622_mean,Eigengene_7,0.09209635215434943,0.02387269470687156,3.8578113315310083,1.3566602391753234e-4,2.0636521948019004e-4,0.0399125728804917,Olfactory_Amygdala
Posterolateral_Cortical_Amygdaloid_Area,msd_RAS_060622_mean,Eigengene_8,0.3058567819162673,0.04900846148454255,6.240897442021021,1.2301066217774462e-9,4.677870251829725e-9,0.09812046489446344,Olfactory_Amygdala
Posterolateral_Cortical_Amygdaloid_Area,ng_RAS_060622_mean,Eigengene_1,-0.16864415001279692,0.025954950829520627,-6.497571546966082,2.73706284860767e-10,1.3079769365027805e-9,0.10548848381163808,Olfactory_Amygdala
Amygdalopiriform_Transition_Area,ng_RAS_060622_mean,Eigengene_10,0.06154238315911359,0.02750845609617416,2.2372169104638635,0.02588708411961197,0.03417854627039234,0.013788067880520723,Olfactory_Amygdala
Posterolateral_Cortical_Amygdaloid_Area,ng_RAS_060622_mean,Eigengene_2,0.27930260355821357,0.03962003127461673,7.049530113247378,9.295410198895722e-12,5.7695649510387234e-11,0.12189447548326891,Olfactory_Amygdala
Amygdalopiriform_Transition_Area,ng_RAS_060622_mean,Eigengene_3,-0.12392964624791444,0.04555971149820247,-2.7201587141921215,0.0068433492228430854,0.00972475942193491,0.0202498039019852,Olfactory_Amygdala
Amygdalopiriform_Transition_Area,ng_RAS_060622_mean,Eigengene_4,-0.19492807765945344,0.04586451980245263,-4.25008434622332,2.729044801210017e-5,5.002575567561369e-5,0.048032394916234365,Olfactory_Amygdala
Posterolateral_Cortical_Amygdaloid_Area,ng_RAS_060622_mean,Eigengene_5,-0.33931438504605976,0.0447758913516216,-7.578059862202412,3.0315986123325757e-13,2.598513096285065e-12,0.13823606188624235,Olfactory_Amygdala
Posterolateral_Cortical_Amygdaloid_Area,ng_RAS_060622_mean,Eigengene_6,-0.12336993803548112,0.050821437131470366,-2.4275176972334425,0.015695039976977417,0.021294777858210566,0.01619389415640774,Olfactory_Amygdala
Posterolateral_Cortical_Amygdaloid_Area,qiv_RAS_060622_mean,Eigengene_10,-0.10283691992492892,0.027161633872634653,-3.7861094957375565,1.7938926210256381e-4,2.971478574705045e-4,0.038499307200710084,Olfactory_Amygdala
Posterolateral_Cortical_Amygdaloid_Area,qiv_RAS_060622_mean,Eigengene_2,-0.0967927841643707,0.041970010698125705,-2.306236823730266,0.021668036250751636,0.028748745885518144,0.01463929016873054,Olfactory_Amygdala
Posterolateral_Cortical_Amygdaloid_Area,qiv_RAS_060622_mean,Eigengene_4,0.18093277673912728,0.04602442517138219,3.931233819116346,1.0146356699574627e-4,1.750489654239712e-4,0.04138280628449463,Olfactory_Amygdala
Posterolateral_Cortical_Amygdaloid_Area,qiv_RAS_060622_mean,Eigengene_5,0.13953650434174755,0.047666527134420454,2.9273478210034503,0.0036371797816458595,0.005237538885570037,0.023377199725720624,Olfactory_Amygdala
Posterolateral_Cortical_Amygdaloid_Area,qiv_RAS_060622_mean,Eigengene_7,0.09667363872081408,0.023822090440368596,4.058150940313459,6.07655605628599e-5,1.0758492689817818e-4,0.04397855931242354,Olfactory_Amygdala
Posterolateral_Cortical_Amygdaloid_Area,qiv_RAS_060622_mean,Eigengene_8,0.22777643586701418,0.050181824556496814,4.539022601909858,7.728571243693588e-6,1.617607934726565e-5,0.05441779669282698,Olfactory_Amygdala
Posterolateral_Cortical_Amygdaloid_Area,rd_mean,Eigengene_1,-0.11166358804958301,0.0428434351029405,-2.6063173454996638,0.009405824288717266,0.019239186045103496,0.012468756896107023,Olfactory_Amygdala
Posterolateral_Cortical_Amygdaloid_Area,rd_mean,Eigengene_2,-0.09505632646356045,0.04291784091027993,-2.214844093911351,0.02718895608937122,0.04943446561703858,0.009035705200746992,Olfactory_Amygdala
Posterolateral_Cortical_Amygdaloid_Area,rd_mean,Eigengene_4,0.13591405660456285,0.042712999362375395,3.182030263233761,0.0015468889800281027,0.0036005174535136872,0.01847263078270839,Olfactory_Amygdala
Posterolateral_Cortical_Amygdaloid_Area,rd_mean,Eigengene_6,-0.17675269497154997,0.042434258903181706,-4.165330078577079,3.621206068464736e-5,1.1303186572086459e-4,0.031241515179705942,Olfactory_Amygdala
Posterolateral_Cortical_Amygdaloid_Area,rd_mean,Eigengene_8,0.18494330300063905,0.04236932621872834,4.365028182083512,1.5246224307527975e-5,5.177962972367992e-5,0.03420402532478616,Olfactory_Amygdala
Posterolateral_Cortical_Amygdaloid_Area,rtop_RAS_060622_mean,Eigengene_1,-0.12246399836093425,0.026668538031104007,-4.59207768412735,6.085782363738434e-6,1.0205970423660728e-5,0.055626195532422006,Olfactory_Amygdala
Amygdalopiriform_Transition_Area,rtop_RAS_060622_mean,Eigengene_10,0.1231338714787324,0.026924762789357907,4.5732574300487965,6.625876607776258e-6,1.1043127679627097e-5,0.05519628673959776,Olfactory_Amygdala
Posterolateral_Cortical_Amygdaloid_Area,rtop_RAS_060622_mean,Eigengene_2,0.22249273368021025,0.04061250014693231,5.478429864579917,8.102884390299224e-8,1.8307772262600755e-7,0.07735096193159767,Olfactory_Amygdala
Posterolateral_Cortical_Amygdaloid_Area,rtop_RAS_060622_mean,Eigengene_3,-0.11166593440309493,0.04564819729217951,-2.446228789460337,0.01491650971190805,0.01864563713988506,0.016440378451243246,Olfactory_Amygdala
Posterolateral_Cortical_Amygdaloid_Area,rtop_RAS_060622_mean,Eigengene_4,-0.31904078821276743,0.043879034016227364,-7.27091640382921,2.2637071295463185e-12,1.3890930113125137e-11,0.1286701658337787,Olfactory_Amygdala
Posterolateral_Cortical_Amygdaloid_Area,rtop_RAS_060622_mean,Eigengene_5,-0.28597461337168995,0.04580441698203719,-6.243385075370322,1.2125864236823895e-9,4.118218042694908e-9,0.09819102025567462,Olfactory_Amygdala
Posterolateral_Cortical_Amygdaloid_Area,rtop_RAS_060622_mean,Eigengene_7,-0.11615273593956271,0.023577784487126472,-4.926363458915421,1.2825343670484535e-6,2.35567536804818e-6,0.06348684647479404,Olfactory_Amygdala
Amygdalopiriform_Transition_Area,rtop_RAS_060622_mean,Eigengene_8,-0.2944826841584948,0.049202670821881456,-5.985095508830228,5.25345439621081e-9,1.5587172384361745e-8,0.09095841703311659,Olfactory_Amygdala
Posterolateral_Cortical_Amygdaloid_Area,volume_percentage_mean,Eigengene_1,0.10591867162594572,0.04287054159248605,2.47066325013515,0.013795123345876863,0.031699432369248964,0.011218764999004876,Olfactory_Amygdala
Posterolateral_Cortical_Amygdaloid_Area,volume_percentage_mean,Eigengene_2,-0.24067811485739102,0.04184575245105047,-5.751554238125528,1.4844530031493266e-8,1.8641967946526426e-7,0.05792595497130742,Olfactory_Amygdala
Amygdalopiriform_Transition_Area,volume_percentage_mean,Eigengene_3,0.27062235146598096,0.04150432285648247,6.520341324487192,1.618028666452771e-10,3.798849912541289e-9,0.0732364571129771,Olfactory_Amygdala
Posterolateral_Cortical_Amygdaloid_Area,volume_percentage_mean,Eigengene_4,0.373363170582472,0.039995351561977525,9.335164112857006,2.6359529719515995e-19,4.744715349512879e-17,0.13940005714739617,Olfactory_Amygdala
Posterolateral_Cortical_Amygdaloid_Area,volume_percentage_mean,Eigengene_5,0.3157318174099252,0.040907762314890454,7.718139530086166,5.780388411962224e-14,3.468233047177334e-12,0.09968658052497424,Olfactory_Amygdala
Posterolateral_Cortical_Amygdaloid_Area,volume_percentage_mean,Eigengene_7,0.12244846453665563,0.04278863009377911,2.8617056509705363,0.004377677184144303,0.011645052608068588,0.01499362646738453,Olfactory_Amygdala
Amygdalopiriform_Transition_Area,volume_percentage_mean,Eigengene_8,0.14421510942511304,0.04266237301216158,3.3803818035157644,7.76393649944612e-4,0.002740212882157454,0.020797997786497293,Olfactory_Amygdala
Perirhinal_Cortex,mrtrixad_mean,Eigengene_10,-0.18564621045118554,0.04236361200170574,-4.382209204534085,1.4130082991243396e-5,4.530886063157339e-5,0.034464515454886,Perirhinal_Orbitofrontal
Ventral_Orbital_Cortex,mrtrixad_mean,Eigengene_2,-0.46320395701745426,0.03820902436766665,-12.122894124703903,4.501852504244628e-30,6.752778756366942e-29,0.21455790579662776,Perirhinal_Orbitofrontal
Ventral_Orbital_Cortex,mrtrixad_mean,Eigengene_3,0.18745009551220485,0.04234884473024021,4.426333155160466,1.1610381364141424e-5,3.822930449168517e-5,0.03513753830753478,Perirhinal_Orbitofrontal
Ventral_Orbital_Cortex,mrtrixad_mean,Eigengene_4,0.26532063225122643,0.04156789944331751,6.382825107942268,3.756766303409775e-10,2.4150640521919986e-9,0.07039503789819067,Perirhinal_Orbitofrontal
Ventral_Orbital_Cortex,mrtrixad_mean,Eigengene_6,-0.2860668419892281,0.041311352074818924,-6.924654547039102,1.2504186568768719e-11,1.298511682141367e-10,0.08183423808569006,Perirhinal_Orbitofrontal
Perirhinal_Cortex,mrtrixad_mean,Eigengene_7,0.1502539139328556,0.04262361775599769,3.5251328217373787,4.593543702669996e-4,0.0012655681629805092,0.022576238652141936,Perirhinal_Orbitofrontal
Perirhinal_Cortex,mrtrixad_mean,Eigengene_8,0.23077361906751814,0.041949330755358345,5.501246740105397,5.839592655323325e-8,2.6951966101492264e-7,0.05325646325751966,Perirhinal_Orbitofrontal
Perirhinal_Cortex,mrtrixfa_mean,Eigengene_1,-0.14130568594521442,0.04268046537653418,-3.3107812836292227,9.927493413954985e-4,0.0036221935429295213,0.019967296880447634,Perirhinal_Orbitofrontal
Perirhinal_Cortex,mrtrixfa_mean,Eigengene_10,0.10113982062668986,0.04289198711754273,2.3580120069868222,0.018729996431186113,0.04695120441659921,0.010229263316399034,Perirhinal_Orbitofrontal
Ventral_Orbital_Cortex,mrtrixfa_mean,Eigengene_2,0.33524272016411527,0.04061818587009094,8.253512878106408,1.1937832577490004e-15,2.5785718367378412e-14,0.11238768142303554,Perirhinal_Orbitofrontal
Perirhinal_Cortex,mrtrixfa_mean,Eigengene_3,-0.2333848962499435,0.04192246982481644,-5.56705979454934,4.0938227794564373e-8,2.6007815304782073e-7,0.05446850979759712,Perirhinal_Orbitofrontal
Ventral_Orbital_Cortex,mrtrixfa_mean,Eigengene_4,-0.12610420036344158,0.042768889838438004,-2.9485030086076027,0.0033319069803054388,0.011038219443956668,0.015902269349303045,Perirhinal_Orbitofrontal
Perirhinal_Cortex,mrtrixfa_mean,Eigengene_6,0.20317519502578815,0.042213826381662,4.81300115248612,1.9343781747052624e-6,1.0445642143408418e-5,0.041280159873767014,Perirhinal_Orbitofrontal
Perirhinal_Cortex,mrtrixfa_mean,Eigengene_7,0.10674873992661936,0.04286671455322309,2.490247760744077,0.013066059309577554,0.03492906944144495,0.011395293475921015,Perirhinal_Orbitofrontal
Perirhinal_Cortex,mrtrixmd_mean,Eigengene_10,-0.1857363499588368,0.04236287759742617,-4.38441296939001,1.3992705151261371e-5,4.607354135171427e-5,0.03449799169603164,Perirhinal_Orbitofrontal
Ventral_Orbital_Cortex,mrtrixmd_mean,Eigengene_2,-0.4656901714137711,0.03815281015069782,-12.205920601244456,2.0281437372310208e-30,3.129136051727861e-29,0.2168673357513877,Perirhinal_Orbitofrontal
Ventral_Orbital_Cortex,mrtrixmd_mean,Eigengene_3,0.1826534896758464,0.04238778543965387,4.309106686780896,1.949251937290979e-5,6.014834549355021e-5,0.03336229729076449,Perirhinal_Orbitofrontal
Ventral_Orbital_Cortex,mrtrixmd_mean,Eigengene_4,0.2573671450550715,0.04166074152125412,6.1776899703950345,1.2843073526845887e-9,7.149752272677091e-9,0.06623784735379815,Perirhinal_Orbitofrontal
Ventral_Orbital_Cortex,mrtrixmd_mean,Eigengene_6,-0.28188171690629615,0.041364790661348363,-6.814532659286222,2.542340845747296e-11,3.050809014896755e-10,0.07945730232604112,Perirhinal_Orbitofrontal
Perirhinal_Cortex,mrtrixmd_mean,Eigengene_7,0.15026621543057844,0.04262353714962307,3.525428096290861,4.58854240724681e-4,0.0012514206565218571,0.02257993549982899,Perirhinal_Orbitofrontal
Perirhinal_Cortex,mrtrixmd_mean,Eigengene_8,0.22947391244371068,0.04196258121390307,5.468536629669512,6.95789564400852e-8,3.1573644098862186e-7,0.05265827649222401,Perirhinal_Orbitofrontal
Perirhinal_Cortex,mrtrixrd_mean,Eigengene_10,-0.1857783095570079,0.04236253560908207,-4.385438852654019,1.392919047125182e-5,4.6430634904172735e-5,0.03451358030185929,Perirhinal_Orbitofrontal
Ventral_Orbital_Cortex,mrtrixrd_mean,Eigengene_2,-0.46627280303263796,0.03813958108401429,-12.225430636102875,1.6808730902197693e-30,2.750519602177804e-29,0.21741032684791378,Perirhinal_Orbitofrontal
Ventral_Orbital_Cortex,mrtrixrd_mean,Eigengene_3,0.17908563863834095,0.0424160735742953,4.222117314198296,2.841423926446684e-5,8.668750962040731e-5,0.03207166596650254,Perirhinal_Orbitofrontal
Ventral_Orbital_Cortex,mrtrixrd_mean,Eigengene_4,0.251553696715542,0.041726689453719955,6.028604234096886,3.0736741037119534e-9,1.728941683337974e-8,0.06327926233125453,Perirhinal_Orbitofrontal
Ventral_Orbital_Cortex,mrtrixrd_mean,Eigengene_6,-0.27849128621331837,0.041407455004282674,-6.725631560416226,4.478485588862069e-11,5.038296287469828e-10,0.07755739649674841,Perirhinal_Orbitofrontal
Perirhinal_Cortex,mrtrixrd_mean,Eigengene_7,0.15026994538284413,0.042623512707531126,3.5255176271826376,4.58702695966292e-4,0.001232335601103471,0.02258105648536287,Perirhinal_Orbitofrontal
Perirhinal_Cortex,mrtrixrd_mean,Eigengene_8,0.2288193964215718,0.04196922407174707,5.452075931411105,7.596746791511512e-8,3.4185360561801806e-7,0.052358316178732434,Perirhinal_Orbitofrontal
Ventral_Orbital_Cortex,msd_RAS_060622_mean,Eigengene_1,0.09188886681126841,0.027009587407427725,3.4020833204582264,7.443300240390076e-4,0.0010359232293326395,0.031317586103348644,Perirhinal_Orbitofrontal
Ventral_Orbital_Cortex,msd_RAS_060622_mean,Eigengene_10,-0.15077009901706456,0.02652920117162074,-5.683175231764945,2.7437845725278278e-8,7.262959162573661e-8,0.08275328322001761,Perirhinal_Orbitofrontal
Ventral_Orbital_Cortex,msd_RAS_060622_mean,Eigengene_2,-0.09974284419826585,0.04195071236042314,-2.3776197968062296,0.01794931462564773,0.022699367442271134,0.015545244280424924,Perirhinal_Orbitofrontal
Ventral_Orbital_Cortex,msd_RAS_060622_mean,Eigengene_3,0.1596983510320845,0.045247644203035405,3.5294290751466626,4.707750740437302e-4,6.665365715322391e-4,0.03362569469978774,Perirhinal_Orbitofrontal
Ventral_Orbital_Cortex,msd_RAS_060622_mean,Eigengene_4,0.3170252305294746,0.04391982137146082,7.218272311450661,3.176277536018577e-12,1.9057665216111462e-11,0.12704953958907975,Perirhinal_Orbitofrontal
Ventral_Orbital_Cortex,msd_RAS_060622_mean,Eigengene_5,0.17569501881996152,0.04733137407894515,3.712020245322173,2.3834428901105126e-4,3.4879652050397744e-4,0.03706258504815397,Perirhinal_Orbitofrontal
Perirhinal_Cortex,msd_RAS_060622_mean,Eigengene_6,-0.11643052042249752,0.050867147824155516,-2.288913874726973,0.022666158333543133,0.028464477907240212,0.014423354590516965,Perirhinal_Orbitofrontal
Perirhinal_Cortex,msd_RAS_060622_mean,Eigengene_7,0.1197426175862394,0.023527568011090103,5.08946005510628,5.811736419150871e-7,1.2809541495271305e-6,0.06747181031355373,Perirhinal_Orbitofrontal
Ventral_Orbital_Cortex,msd_RAS_060622_mean,Eigengene_8,0.33402451457191845,0.04849209124783075,6.8882266360673965,2.5504455957825724e-11,1.3502359036495972e-10,0.1170253774937594,Perirhinal_Orbitofrontal
Ventral_Orbital_Cortex,ng_RAS_060622_mean,Eigengene_1,-0.14848687291581902,0.02629668442908517,-5.64660055590836,3.3369613249219407e-8,9.955575223524022e-8,0.08177840033689693,Perirhinal_Orbitofrontal
Ventral_Orbital_Cortex,ng_RAS_060622_mean,Eigengene_10,0.14136468104388836,0.026673460855258256,5.299825238689284,2.0311776188510211e-7,5.088071819995278e-7,0.07275060821761103,Perirhinal_Orbitofrontal
Perirhinal_Cortex,ng_RAS_060622_mean,Eigengene_2,0.21667532160232048,0.04070026463337242,5.32368336063978,1.7990414307124954e-7,4.6261065361178455e-7,0.07335892431063919,Perirhinal_Orbitofrontal
Ventral_Orbital_Cortex,ng_RAS_060622_mean,Eigengene_3,-0.18585450833392012,0.04496779470094323,-4.13305810458216,4.462107502227971e-5,7.95227079604985e-5,0.0455424722745974,Perirhinal_Orbitofrontal
Perirhinal_Cortex,ng_RAS_060622_mean,Eigengene_4,-0.31266442271926054,0.0440070559822233,-7.1048702472976535,6.549323185322153e-12,4.160746494204662e-11,0.12357834511619033,Perirhinal_Orbitofrontal
Ventral_Orbital_Cortex,ng_RAS_060622_mean,Eigengene_5,-0.26267098057031957,0.04619261977777334,-5.68642743871197,2.6963172509732083e-8,8.226052630087754e-8,0.08284017358544168,Perirhinal_Orbitofrontal
Perirhinal_Cortex,ng_RAS_060622_mean,Eigengene_7,-0.10252906557796398,0.023753606995194472,-4.316357747213144,2.0555733507392008e-5,3.8144660116809914e-5,0.04946737512873632,Perirhinal_Orbitofrontal
Ventral_Orbital_Cortex,ng_RAS_060622_mean,Eigengene_8,-0.2633460525205696,0.049693252243089577,-5.299432833100412,2.035228727998111e-7,5.088071819995278e-7,0.07274061913932175,Perirhinal_Orbitofrontal
Ventral_Orbital_Cortex,qiv_RAS_060622_mean,Eigengene_1,0.09292926914524838,0.026999642634049397,3.441870338981997,6.460189632651397e-4,9.771715410733205e-4,0.03203078127134306,Perirhinal_Orbitofrontal
Ventral_Orbital_Cortex,qiv_RAS_060622_mean,Eigengene_10,-0.15389620910691787,0.02647901287000833,-5.8120070360035845,1.3662751928422063e-8,4.582537913880692e-8,0.08622051992326515,Perirhinal_Orbitofrontal
Perirhinal_Cortex,qiv_RAS_060622_mean,Eigengene_2,-0.10753815588034722,0.0418968829849661,-2.5667340436503414,0.010671956154706171,0.014694513563090374,0.018070044588569926,Perirhinal_Orbitofrontal
Ventral_Orbital_Cortex,qiv_RAS_060622_mean,Eigengene_3,0.1578599741864402,0.04526566037824022,3.487411270869816,5.484222188234222e-4,8.509999947259999e-4,0.03285598236526113,Perirhinal_Orbitofrontal
Ventral_Orbital_Cortex,qiv_RAS_060622_mean,Eigengene_4,0.30913457548486917,0.04407665887332285,7.013566440535517,1.1658323850624258e-11,6.91812624102978e-11,0.12080380269186938,Perirhinal_Orbitofrontal
Ventral_Orbital_Cortex,qiv_RAS_060622_mean,Eigengene_5,0.17235500084429345,0.047365664359867644,3.6388173410764564,3.1417928401482494e-4,5.092342380600243e-4,0.03566683620567814,Perirhinal_Orbitofrontal
Perirhinal_Cortex,qiv_RAS_060622_mean,Eigengene_6,-0.11138733210389781,0.05089868391995033,-2.1884128139556522,0.029285227979117204,0.03847694187037297,0.01320092024742231,Perirhinal_Orbitofrontal
Perirhinal_Cortex,qiv_RAS_060622_mean,Eigengene_7,0.11825769571515736,0.02354853796974259,5.021869972017207,8.088286254488673e-7,1.9763233382008525e-6,0.06580875765775243,Perirhinal_Orbitofrontal
Ventral_Orbital_Cortex,qiv_RAS_060622_mean,Eigengene_8,0.34628918576766904,0.04825117763404567,7.176802779696924,4.142449862515599e-12,2.6010731694865388e-11,0.1257769983450287,Perirhinal_Orbitofrontal
Ventral_Orbital_Cortex,rd_mean,Eigengene_2,-0.14151866224455573,0.04267915374053689,-3.3158732036933647,9.751959178414943e-4,0.0023509187305107452,0.020027531763488652,Perirhinal_Orbitofrontal
Ventral_Orbital_Cortex,rd_mean,Eigengene_3,0.1129961170710553,0.0428369407150754,2.637819489086183,0.008585579871909357,0.017628186809243544,0.012768122473135584,Perirhinal_Orbitofrontal
Ventral_Orbital_Cortex,rd_mean,Eigengene_4,0.16391848661689568,0.042529909216516136,3.8541931933689457,1.301340294020836e-4,3.7578810629478683e-4,0.026869270254773397,Perirhinal_Orbitofrontal
Perirhinal_Cortex,rd_mean,Eigengene_6,-0.24338502334465412,0.041816641055522394,-5.8202910898916445,1.0101255596071063e-8,1.029184532429882e-7,0.05923626958847743,Perirhinal_Orbitofrontal
Ventral_Orbital_Cortex,rd_mean,Eigengene_8,0.23813057528734316,0.041872834330356344,5.686994422412595,2.1236960840814502e-8,1.7918685709437235e-7,0.05670617088668092,Perirhinal_Orbitofrontal
Ventral_Orbital_Cortex,rtop_RAS_060622_mean,Eigengene_1,-0.12044590338292734,0.026694198565701367,-4.512062914587177,8.718875424592363e-6,1.4398142902996565e-5,0.053807963483350596,Perirhinal_Orbitofrontal
Ventral_Orbital_Cortex,rtop_RAS_060622_mean,Eigengene_10,0.14891800218575135,0.026558406158141434,5.607188974331609,4.1158985879640146e-8,9.74818086623056e-8,0.08073264770457761,Perirhinal_Orbitofrontal
Ventral_Orbital_Cortex,rtop_RAS_060622_mean,Eigengene_2,0.14651531800042036,0.041565475989706384,3.5249281888821535,4.785711354547426e-4,6.334029733959828e-4,0.033542862263628855,Perirhinal_Orbitofrontal
Ventral_Orbital_Cortex,rtop_RAS_060622_mean,Eigengene_3,-0.17152916916990424,0.045126524764694545,-3.8010719873581493,1.6929038283755696e-4,2.332061396231652e-4,0.03879237504830146,Perirhinal_Orbitofrontal
Ventral_Orbital_Cortex,rtop_RAS_060622_mean,Eigengene_4,-0.3145403876393698,0.043969698023953105,-7.153571704495663,4.804658381785482e-12,2.6747582743960412e-11,0.12506571688818854,Perirhinal_Orbitofrontal
Ventral_Orbital_Cortex,rtop_RAS_060622_mean,Eigengene_5,-0.22633176451003384,0.046726811656067506,-4.843723688574085,1.9002476413701938e-6,3.4318853723742628e-6,0.0615046325290605,Perirhinal_Orbitofrontal
Perirhinal_Cortex,rtop_RAS_060622_mean,Eigengene_7,-0.11254244308939734,0.023626642262258597,-4.763370175082966,2.77071435119422e-6,4.873569217084296e-6,0.059601548708974036,Perirhinal_Orbitofrontal
Ventral_Orbital_Cortex,rtop_RAS_060622_mean,Eigengene_8,-0.30223679615754495,0.04907115397144379,-6.159154038509611,1.9661282538036655e-9,6.277884509723236e-9,0.09581158869659544,Perirhinal_Orbitofrontal
Ventral_Orbital_Cortex,volume_percentage_mean,Eigengene_10,0.17373573476525206,0.04245741129767086,4.092000182186871,4.9324501046214695e-5,2.637151541084746e-4,0.030184105534422034,Perirhinal_Orbitofrontal
Ventral_Orbital_Cortex,volume_percentage_mean,Eigengene_2,0.15656932231294107,0.042581346757179304,3.6769462273182603,2.5973912546189493e-4,0.001078916367303256,0.02451395268953368,Perirhinal_Orbitofrontal
Ventral_Orbital_Cortex,volume_percentage_mean,Eigengene_3,-0.14230810729775342,0.042674274277662336,-3.3347516672883173,9.126004507686815e-4,0.003138880531306293,0.020251597402668856,Perirhinal_Orbitofrontal
Ventral_Orbital_Cortex,volume_percentage_mean,Eigengene_4,-0.2795832736765375,0.04139377485568999,-6.75423477687747,3.735071221066512e-11,1.0084692296879583e-9,0.0781668069196895,Perirhinal_Orbitofrontal
Ventral_Orbital_Cortex,volume_percentage_mean,Eigengene_5,-0.24526258985725635,0.04179624549618256,-5.868053145578765,7.713154664664481e-9,1.0679752612612359e-7,0.06015373798348847,Perirhinal_Orbitofrontal
Ventral_Orbital_Cortex,volume_percentage_mean,Eigengene_8,-0.30582042672074167,0.04104748059048107,-7.450406756308,3.7323223595131185e-13,1.8322309764882583e-11,0.09352613339965604,Perirhinal_Orbitofrontal
Ventral_Orbital_Cortex,volume_percentage_mean,Eigengene_9,-0.2686979460551455,0.04152755643954601,-6.47035291966442,2.2014127118208512e-10,4.755051457533039e-9,0.0721985862142536,Perirhinal_Orbitofrontal
Piriform_Cortex,mrtrixfa_mean,Eigengene_2,0.31759471020146257,0.040880949655143925,7.76877036567326,4.039196819685662e-14,6.816144633219555e-13,0.10086639994795062,Primary_Olfactory
Piriform_Cortex,mrtrixfa_mean,Eigengene_3,-0.14302624738815561,0.042669811476572214,-3.35193061414588,8.589051061893014e-4,0.0031767723105631694,0.020456507441937836,Primary_Olfactory
Piriform_Cortex,mrtrixfa_mean,Eigengene_6,0.24613802530585663,0.041786678843953186,5.890346687398308,6.7964538967884084e-9,4.866458908615232e-8,0.06058392750146639,Primary_Olfactory
Piriform_Cortex,msd_RAS_060622_mean,Eigengene_1,0.11691668522364358,0.02673799157327419,4.37268015823997,1.6110791124884102e-5,2.8063958733669083e-5,0.05070087755999343,Primary_Olfactory
Piriform_Cortex,msd_RAS_060622_mean,Eigengene_10,-0.15112405997310235,0.02652357492287594,-5.697725906576851,2.5375492532100468e-8,6.783547508581313e-8,0.08314229689032429,Primary_Olfactory
Piriform_Cortex,msd_RAS_060622_mean,Eigengene_2,-0.11153506150979216,0.04186768386199669,-2.6639892924918294,0.008071140974695,0.010426832838122726,0.01943823718362309,Primary_Olfactory
Piriform_Cortex,msd_RAS_060622_mean,Eigengene_3,0.18676243700579861,0.04495728596523932,4.154219566327961,4.0859108048003124e-5,6.78889795259129e-5,0.04598852349728241,Primary_Olfactory
Piriform_Cortex,msd_RAS_060622_mean,Eigengene_4,0.2741320539967841,0.04471889130297654,6.130117406970184,2.319883885409112e-9,8.082176116909164e-9,0.09499594815537377,Primary_Olfactory
Piriform_Cortex,msd_RAS_060622_mean,Eigengene_5,0.17019283587474188,0.04738749836028977,3.591513411000436,3.746846273161447e-4,5.38110900932761e-4,0.03477758007991115,Primary_Olfactory
Piriform_Cortex,msd_RAS_060622_mean,Eigengene_7,0.08401331610128324,0.023955830433930615,3.507009132202249,5.108239359285114e-4,7.164803257179122e-4,0.03321399544259239,Primary_Olfactory
Piriform_Cortex,msd_RAS_060622_mean,Eigengene_8,0.36356740812043276,0.04789484522105522,7.590950684617801,2.7827641569973656e-13,2.1482057678803286e-12,0.13864150236979914,Primary_Olfactory
Piriform_Cortex,msd_RAS_060622_mean,Eigengene_9,0.03992725296335391,0.01804822984104065,2.2122531303630453,0.02757991060695272,0.034002629515421164,0.013486205478348827,Primary_Olfactory
Piriform_Cortex,ng_RAS_060622_mean,Eigengene_1,-0.18605675614852565,0.025620447490549054,-7.262041625820892,2.397017876538152e-12,1.7491752072035162e-11,0.12839655706440176,Primary_Olfactory
Piriform_Cortex,ng_RAS_060622_mean,Eigengene_10,0.10854917960256578,0.027099473632005676,4.005582583506877,7.526276696453695e-5,1.2902188622492049e-4,0.04289511971057317,Primary_Olfactory
Piriform_Cortex,ng_RAS_060622_mean,Eigengene_2,0.23577604621729384,0.040402616997928756,5.835662730198416,1.200505773422966e-8,3.813371280284715e-8,0.08686271828828238,Primary_Olfactory
Piriform_Cortex,ng_RAS_060622_mean,Eigengene_3,-0.20008433793526612,0.04479689960080415,-4.466477361564424,1.0676278559492361e-5,2.0888371094658966e-5,0.05278330634887507,Primary_Olfactory
Piriform_Cortex,ng_RAS_060622_mean,Eigengene_4,-0.2826857591643996,0.04456989089046487,-6.342527511658693,6.82168890957018e-10,3.0697600093065813e-9,0.10101672926831907,Primary_Olfactory
Piriform_Cortex,ng_RAS_060622_mean,Eigengene_5,-0.3237331524366138,0.04509698727997974,-7.17859821603496,4.095184161127563e-12,2.7642493087611047e-11,0.1258320181994442,Primary_Olfactory
Piriform_Cortex,ng_RAS_060622_mean,Eigengene_8,-0.13401361524806268,0.05111722780598356,-2.6216917661637282,0.009122768261432917,0.01279557106798383,0.01883741102706921,Primary_Olfactory
Piriform_Cortex,qiv_RAS_060622_mean,Eigengene_1,0.11974313491134149,0.02670302862704019,4.4842529506217295,9.867506921544299e-6,2.041553156181579e-5,0.05318188620690994,Primary_Olfactory
Piriform_Cortex,qiv_RAS_060622_mean,Eigengene_10,-0.13546062380887827,0.02675890236947694,-5.06226383797394,6.641269474438908e-7,1.660317368609727e-6,0.06680068804477511,Primary_Olfactory
Piriform_Cortex,qiv_RAS_060622_mean,Eigengene_2,-0.1300955272734057,0.04171780967344514,-3.1184649503834354,0.001965239744845283,0.002907477978675213,0.026445926468405715,Primary_Olfactory
Piriform_Cortex,qiv_RAS_060622_mean,Eigengene_3,0.1841752884187835,0.044987089332894,4.09395875905483,5.245602941531497e-5,9.379554928566253e-5,0.04472322562260203,Primary_Olfactory
Piriform_Cortex,qiv_RAS_060622_mean,Eigengene_4,0.13599396282229173,0.046454609094679224,2.9274589857192037,0.0036359106526852427,0.005237538885570037,0.023378933727151018,Primary_Olfactory
Piriform_Cortex,qiv_RAS_060622_mean,Eigengene_5,0.1294301884772884,0.0477461068639277,2.7108008794550167,0.007035417238479155,0.00981686126299417,0.02011351514114356,Primary_Olfactory
Piriform_Cortex,qiv_RAS_060622_mean,Eigengene_7,0.057594207455554935,0.02417295878084226,2.3825882457219074,0.01771274162984597,0.02385256977585243,0.015609265952768923,Primary_Olfactory
Piriform_Cortex,qiv_RAS_060622_mean,Eigengene_8,0.28153897856101584,0.04941385662056936,5.6975714468686185,2.5396570347793906e-8,7.973341853377156e-8,0.08313816390674546,Primary_Olfactory
Piriform_Cortex,rd_mean,Eigengene_1,-0.10365104764275657,0.042880842515914334,-2.4171877594123443,0.015972454066856892,0.03080401855750972,0.010743539677440997,Primary_Olfactory
Piriform_Cortex,rd_mean,Eigengene_2,-0.12439446530192205,0.04277819548903228,-2.9078941708472725,0.0037889225224311835,0.008216773241832634,0.015473982997751098,Primary_Olfactory
Piriform_Cortex,rd_mean,Eigengene_3,0.12847529480735578,0.042755770901693184,3.004864421758514,0.002780819721979764,0.00612915367293499,0.01650590137583695,Primary_Olfactory
Piriform_Cortex,rd_mean,Eigengene_4,0.15000739791723602,0.042625231645199047,3.5192160166039033,4.6948427524097497e-4,0.0011791698075819836,0.02250221942990002,Primary_Olfactory
Piriform_Cortex,rd_mean,Eigengene_6,-0.21341549495481985,0.04211980228406003,-5.066868394004441,5.568320388702165e-7,2.708912621530783e-6,0.04554617348681066,Primary_Olfactory
Piriform_Cortex,rd_mean,Eigengene_8,0.23277051642546964,0.041928818391155226,5.551563944730004,4.45232005584529e-8,3.205670440208609e-7,0.05418211331697978,Primary_Olfactory
Piriform_Cortex,rd_mean,Eigengene_9,0.10015847868283248,0.042896267182509,2.334899637226994,0.01991551898951692,0.03773466755908469,0.010031720852059412,Primary_Olfactory
Piriform_Cortex,rtop_RAS_060622_mean,Eigengene_1,-0.13134062292576382,0.02655028860117871,-4.946862344838425,1.162403838481392e-6,2.142314241569801e-6,0.06398241554230179,Primary_Olfactory
Piriform_Cortex,rtop_RAS_060622_mean,Eigengene_10,0.13784476583551047,0.02672487132721489,5.157920655548235,4.1432750438181675e-7,8.255972412036202e-7,0.06917279962001026,Primary_Olfactory
Piriform_Cortex,rtop_RAS_060622_mean,Eigengene_2,0.1610325620415953,0.04141518359441275,3.8882493826085542,1.2033879718637901e-4,1.6748183113568212e-4,0.04051925578494025,Primary_Olfactory
Piriform_Cortex,rtop_RAS_060622_mean,Eigengene_3,-0.18000244754584074,0.04503424313881766,-3.997012828459996,7.791743404487336e-5,1.1101692449665334e-4,0.04271960442772956,Primary_Olfactory
Piriform_Cortex,rtop_RAS_060622_mean,Eigengene_4,-0.30886409250944924,0.044081955260106706,-7.006587858614455,1.2180969029214115e-11,5.925876825023083e-11,0.12059249616309066,Primary_Olfactory
Piriform_Cortex,rtop_RAS_060622_mean,Eigengene_5,-0.2311548122211689,0.04666081414571063,-4.9539386839528206,1.1235166552392388e-6,2.0848762674542576e-6,0.06415384458956654,Primary_Olfactory
Piriform_Cortex,rtop_RAS_060622_mean,Eigengene_7,-0.08698279269339011,0.023926208700462734,-3.635460752781441,3.181499773576834e-4,4.295024694328726e-4,0.03560340722692153,Primary_Olfactory
Piriform_Cortex,rtop_RAS_060622_mean,Eigengene_8,-0.3102230836528619,0.048931741813417744,-6.339914994969472,6.926487928070502e-10,2.4287684942584877e-9,0.10094192639084035,Primary_Olfactory
Piriform_Cortex,volume_percentage_mean,Eigengene_1,0.2790561810936383,0.041400385389470905,6.740424719925647,4.077499281589835e-11,1.0484998152659577e-9,0.0778723522065655,Primary_Olfactory
Piriform_Cortex,volume_percentage_mean,Eigengene_2,-0.23280326487892572,0.04192848043826436,-5.552389746671264,4.432468317726613e-8,4.884761003208921e-7,0.054197360138287555,Primary_Olfactory
Piriform_Cortex,volume_percentage_mean,Eigengene_4,0.1969021089221015,0.04226904356244728,4.658305282711282,4.022885702831413e-6,2.8964777060386173e-5,0.03877044049797116,Primary_Olfactory
Piriform_Cortex,volume_percentage_mean,Eigengene_5,0.17748844126142904,0.04242855033236374,4.183231335293679,3.355706725253526e-5,1.868125393440107e-4,0.031502146781411694,Primary_Olfactory
Piriform_Cortex,volume_percentage_mean,Eigengene_6,-0.11994721222664516,0.04280179673206099,-2.8023873151287093,0.005255441892561064,0.013513993438014165,0.014387333720943914,Primary_Olfactory
