structure,Metric,Eigengene,std_beta,std_se,std_stat,p_value,p_fdr,r_squared
Ventral_Orbital_Cortex,rd_mean,Eigengene_2,-0.14151866224455573,0.04267915374053689,-3.3158732036933647,9.751959178414943e-4,0.0023509187305107452,0.020027531763488652
Ventral_Orbital_Cortex,rd_mean,Eigengene_3,0.1129961170710553,0.0428369407150754,2.637819489086183,0.008585579871909357,0.017628186809243544,0.012768122473135584
Ventral_Orbital_Cortex,rd_mean,Eigengene_4,0.16391848661689568,0.042529909216516136,3.8541931933689457,1.301340294020836e-4,3.7578810629478683e-4,0.026869270254773397
Ventral_Orbital_Cortex,rd_mean,Eigengene_6,-0.24306604731415404,0.04182008945753457,-5.812183820433262,1.0572574088365367e-8,1.0380345468576906e-7,0.05908110335692694
Ventral_Orbital_Cortex,rd_mean,Eigengene_8,0.23813057528734316,0.041872834330356344,5.686994422412595,2.1236960840814502e-8,1.7918685709437235e-7,0.05670617088668092
Posterolateral_Cortical_Amygdaloid_Area,rd_mean,Eigengene_1,-0.11166358804958301,0.0428434351029405,-2.6063173454996638,0.009405824288717266,0.019239186045103496,0.012468756896107023
Posterolateral_Cortical_Amygdaloid_Area,rd_mean,Eigengene_2,-0.09505632646356045,0.04291784091027993,-2.214844093911351,0.02718895608937122,0.04943446561703858,0.009035705200746992
Posterolateral_Cortical_Amygdaloid_Area,rd_mean,Eigengene_4,0.13591405660456285,0.042712999362375395,3.182030263233761,0.0015468889800281027,0.0036005174535136872,0.01847263078270839
Posterolateral_Cortical_Amygdaloid_Area,rd_mean,Eigengene_6,-0.17675269497154997,0.042434258903181706,-4.165330078577079,3.621206068464736e-5,1.1303186572086459e-4,0.031241515179705942
Posterolateral_Cortical_Amygdaloid_Area,rd_mean,Eigengene_8,0.18494330300063905,0.04236932621872834,4.365028182083512,1.5246224307527975e-5,5.177962972367992e-5,0.03420402532478616
Hippocampus,rd_mean,Eigengene_2,-0.15945415413586825,0.04256144416294767,-3.74644604457954,1.987306719284695e-4,5.447439738140788e-4,0.025425627271185188
Hippocampus,rd_mean,Eigengene_3,0.09570275692485321,0.04291517054658779,2.2300448933544454,0.026156234219769977,0.048042062852638734,0.009159017683017532
Hippocampus,rd_mean,Eigengene_4,0.15158957627005074,0.04261482630206464,3.557202725538421,4.0791560654426275e-4,0.0010539446293488129,0.022979399633733553
Hippocampus,rd_mean,Eigengene_6,-0.24632709413851883,0.04178460795861499,-5.895163462643715,6.612827567796708e-9,7.439431013771297e-8,0.06067703730672748
Hippocampus,rd_mean,Eigengene_8,0.24266703699031658,0.041824396332130115,5.802045176295735,1.1192222627317972e-8,1.0499022496595833e-7,0.058887290841659785
Parasubiculum,rd_mean,Eigengene_2,-0.17907353189774514,0.04241616858227674,-4.221822429585722,2.845024699814596e-5,9.059657745190751e-5,0.032067329826332765
Parasubiculum,rd_mean,Eigengene_3,0.13385209416261598,0.04272510072702402,3.132867843140117,0.0018253294080311565,0.0041589783980456735,0.017916383111717865
Parasubiculum,rd_mean,Eigengene_4,0.17516863407239952,0.04244646638554668,4.126813112811805,4.2618583870456314e-5,1.3226457063245063e-4,0.030684050362790264
Parasubiculum,rd_mean,Eigengene_6,-0.23197531491106488,0.04193700917356438,-5.531517852190899,4.961615984604324e-8,3.4349649124183786e-7,0.05381254672808797
Parasubiculum,rd_mean,Eigengene_8,0.24921612414854535,0.04175275347562402,5.968854827599383,4.339119058753765e-9,5.325282481197803e-8,0.06210867653562343
Perirhinal_Cortex,rd_mean,Eigengene_2,-0.12528048931308094,0.04277338919720278,-2.928935295154816,0.003545440084519012,0.007719909861452687,0.01569520100252505
Perirhinal_Cortex,rd_mean,Eigengene_3,0.0979619602525498,0.042905694424182635,2.28319251249168,0.02280813397327669,0.04276525119989379,0.009596545656522138
Perirhinal_Cortex,rd_mean,Eigengene_4,0.1381448593292397,0.042699694805785914,3.235265730998169,0.001289977122316887,0.0030418674500048864,0.019084002159095306
Perirhinal_Cortex,rd_mean,Eigengene_6,-0.24338502334465412,0.041816641055522394,-5.8202910898916445,1.0101255596071063e-8,1.029184532429882e-7,0.05923626958847743
Perirhinal_Cortex,rd_mean,Eigengene_8,0.2056333297658639,0.042191696836588195,4.8737866732949415,1.4427407219516864e-6,6.232639918831285e-6,0.04228506631059637
Piriform_Cortex,rd_mean,Eigengene_1,-0.10365104764275657,0.042880842515914334,-2.4171877594123443,0.015972454066856892,0.03080401855750972,0.010743539677440997
Piriform_Cortex,rd_mean,Eigengene_2,-0.12439446530192205,0.04277819548903228,-2.9078941708472725,0.0037889225224311835,0.008216773241832634,0.015473982997751098
Piriform_Cortex,rd_mean,Eigengene_3,0.12847529480735578,0.042755770901693184,3.004864421758514,0.002780819721979764,0.00612915367293499,0.01650590137583695
Piriform_Cortex,rd_mean,Eigengene_4,0.15000739791723602,0.042625231645199047,3.5192160166039033,4.6948427524097497e-4,0.0011791698075819836,0.02250221942990002
Piriform_Cortex,rd_mean,Eigengene_6,-0.21341549495481985,0.04211980228406003,-5.066868394004441,5.568320388702165e-7,2.708912621530783e-6,0.04554617348681066
Piriform_Cortex,rd_mean,Eigengene_8,0.23277051642546964,0.041928818391155226,5.551563944730004,4.45232005584529e-8,3.205670440208609e-7,0.05418211331697978
Piriform_Cortex,rd_mean,Eigengene_9,0.10015847868283248,0.042896267182509,2.334899637226994,0.01991551898951692,0.03773466755908469,0.010031720852059412
Amygdalopiriform_Transition_Area,rd_mean,Eigengene_1,-0.10965846900787671,0.04329053722830277,-2.533081731685775,0.011592632160893554,0.023099709840894905,0.011917359558892202
Amygdalopiriform_Transition_Area,rd_mean,Eigengene_6,-0.1651528374439077,0.04296122818015881,-3.844229889130167,1.3555672107226432e-4,3.8526647041590913e-4,0.02702760653269358
Amygdalopiriform_Transition_Area,rd_mean,Eigengene_8,0.16313785269898062,0.043018705392899335,3.7922538860480945,1.6639700286502718e-4,4.6316691519131275e-4,0.026320799126436284
Postsubiculum,rd_mean,Eigengene_2,-0.20802502355645677,0.042169898652577455,-4.933021662449315,1.0808998227533144e-6,4.8640492023899146e-06,0.04327441042566438
Postsubiculum,rd_mean,Eigengene_3,0.13552808841156505,0.0427152788900337,3.172824617637844,0.001595839486375889,0.003698512114347554,0.018367862748492964
Postsubiculum,rd_mean,Eigengene_4,0.1853906797745869,0.042365691910168944,4.375962516266328,1.452653328236342e-5,4.9647645395419285e-5,0.034369704147283464
Postsubiculum,rd_mean,Eigengene_6,-0.23250713482205074,0.04193153457191216,-5.544923103715733,4.615134900461825e-8,3.27917479769656e-7,0.0540595677431598
Postsubiculum,rd_mean,Eigengene_8,0.24925135487138636,0.041752362578006436,5.969754511632895,4.316740267858684e-9,5.325282481197803e-8,0.0621262379052216
Ventral_Orbital_Cortex,mrtrixfa_mean,Eigengene_2,0.33524272016411527,0.04061818587009094,8.253512878106408,1.1937832577490004e-15,2.5785718367378412e-14,0.11238768142303554
Ventral_Orbital_Cortex,mrtrixfa_mean,Eigengene_4,-0.12610420036344158,0.042768889838438004,-2.9485030086076027,0.0033319069803054388,0.011038219443956668,0.015902269349303045
Ventral_Orbital_Cortex,mrtrixfa_mean,Eigengene_6,0.19946902184388454,0.042246666996943516,4.721532750934312,2.9897040156970816e-6,1.582784478898455e-5,0.039787890675356374
Posterolateral_Cortical_Amygdaloid_Area,mrtrixfa_mean,Eigengene_5,0.18110064858458513,0.042400168230233785,4.271224764986895,2.2987362551203145e-5,1.0701013601422153e-4,0.0327974449177572
Posterolateral_Cortical_Amygdaloid_Area,mrtrixfa_mean,Eigengene_6,0.16815230402876857,0.042499175645838945,3.9566015451697876,8.62110813314959e-5,3.8159003212301465e-4,0.02827519735018322
Hippocampus,mrtrixfa_mean,Eigengene_2,0.36885319262563404,0.04007305879803786,9.204518040027795,7.578822885963141e-19,2.728376238946731e-17,0.13605267771012286
Hippocampus,mrtrixfa_mean,Eigengene_6,0.32258989627541124,0.04080818670190831,7.9050289254907264,1.5258289558638595e-14,2.6578956005370454e-13,0.10406424117898061
Hippocampus,mrtrixfa_mean,Eigengene_8,-0.12258337447314618,0.04278791208550766,-2.864906664017041,0.004334337578739896,0.013767895838350258,0.015026683697223495
Parasubiculum,mrtrixfa_mean,Eigengene_2,0.27915736298513194,0.04139911746565731,6.743075216922373,4.009473688181597e-11,4.009473688181597e-10,0.07792883330881281
Parasubiculum,mrtrixfa_mean,Eigengene_4,-0.1953832108995393,0.04228214227748613,-4.620939251783714,4.786611481335654e-6,2.4853559614627435e-5,0.03817459910141385
Parasubiculum,mrtrixfa_mean,Eigengene_6,0.34190696220178496,0.04051480130647623,8.439063038108289,2.9728426357349636e-16,6.9797174925951325e-15,0.11690037080205272
Parasubiculum,mrtrixfa_mean,Eigengene_8,-0.15125067228983333,0.04261706453800162,-3.5490635952873566,4.204335491718429e-4,0.0016693685040646703,0.022876765868126637
Perirhinal_Cortex,mrtrixfa_mean,Eigengene_1,-0.14130568594521442,0.04268046537653418,-3.3107812836292227,9.927493413954985e-4,0.0036221935429295213,0.019967296880447634
Perirhinal_Cortex,mrtrixfa_mean,Eigengene_2,0.29395088775043066,0.0412083489300908,7.133284768315102,3.1799897707765494e-12,3.8159877249318596e-11,0.08640712440926615
Perirhinal_Cortex,mrtrixfa_mean,Eigengene_3,-0.2333848962499435,0.04192246982481644,-5.56705979454934,4.0938227794564373e-8,2.6007815304782073e-7,0.05446850979759712
Perirhinal_Cortex,mrtrixfa_mean,Eigengene_4,-0.1090463618510534,0.04285596371956657,-2.544485116811562,0.011222218440326363,0.03076141095317886,0.011891109032950858
Perirhinal_Cortex,mrtrixfa_mean,Eigengene_6,0.20317519502578815,0.042213826381662,4.81300115248612,1.9343781747052624e-6,1.0445642143408418e-5,0.041280159873767014
Perirhinal_Cortex,mrtrixfa_mean,Eigengene_7,0.10674873992661936,0.04286671455322309,2.490247760744077,0.013066059309577554,0.03492906944144495,0.011395293475921015
Perirhinal_Cortex,mrtrixfa_mean,Eigengene_10,0.10113982062668986,0.04289198711754273,2.3580120069868222,0.018729996431186113,0.04695120441659921,0.010229263316399034
Piriform_Cortex,mrtrixfa_mean,Eigengene_2,0.31759471020146257,0.040880949655143925,7.76877036567326,4.039196819685662e-14,6.816144633219555e-13,0.10086639994795062
Piriform_Cortex,mrtrixfa_mean,Eigengene_3,-0.14302624738815561,0.042669811476572214,-3.35193061414588,8.589051061893014e-4,0.0031767723105631694,0.020456507441937836
Piriform_Cortex,mrtrixfa_mean,Eigengene_6,0.24613802530585663,0.041786678843953186,5.890346687398308,6.7964538967884084e-9,4.866458908615232e-8,0.06058392750146639
Amygdalopiriform_Transition_Area,mrtrixfa_mean,Eigengene_4,0.1642935666141059,0.042527219011123996,3.86325676671054,1.2552305508378267e-4,5.422595979619412e-4,0.026992376030783506
Amygdalopiriform_Transition_Area,mrtrixfa_mean,Eigengene_5,0.131984396192802,0.04273589941505179,3.088372960422975,0.0021164293782352625,0.007233366229411657,0.017419880838378553
Amygdalopiriform_Transition_Area,mrtrixfa_mean,Eigengene_9,0.11852327530559041,0.04280916921400572,2.768642267106029,0.005823174234826974,0.017765616309641616,0.014047766789164771
Postsubiculum,mrtrixfa_mean,Eigengene_2,0.2629430601276862,0.041595971064432385,6.321358857577479,5.448452434322688e-10,4.597131741459768e-9,0.06913905286931206
Postsubiculum,mrtrixfa_mean,Eigengene_6,0.19089277407459226,0.04232025073550698,4.510672095674328,7.939530660568943e-6,4.006865940847878e-5,0.03644005119389344
Ventral_Orbital_Cortex,mrtrixad_mean,Eigengene_2,-0.46320395701745426,0.03820902436766665,-12.122894124703903,4.501852504244628e-30,6.752778756366942e-29,0.21455790579662776
Ventral_Orbital_Cortex,mrtrixad_mean,Eigengene_3,0.18745009551220485,0.04234884473024021,4.426333155160466,1.1610381364141424e-5,3.822930449168517e-5,0.03513753830753478
Ventral_Orbital_Cortex,mrtrixad_mean,Eigengene_4,0.26532063225122643,0.04156789944331751,6.382825107942268,3.756766303409775e-10,2.4150640521919986e-9,0.07039503789819067
Ventral_Orbital_Cortex,mrtrixad_mean,Eigengene_6,-0.2860668419892281,0.041311352074818924,-6.924654547039102,1.2504186568768719e-11,1.298511682141367e-10,0.08183423808569006
Ventral_Orbital_Cortex,mrtrixad_mean,Eigengene_8,0.19952737263635698,0.042246154827529366,4.722971201779921,2.969465912831651e-6,1.0693562253646759e-5,0.039811172431167725
Hippocampus,mrtrixad_mean,Eigengene_2,-0.4779975893437466,0.037868838023819615,-12.622451976030652,3.5512704556848426e-32,7.670744184279261e-31,0.228481695418434
Hippocampus,mrtrixad_mean,Eigengene_3,0.17486083292167215,0.04244882528247796,4.1193326731199615,4.3981916888820705e-5,1.270066049195892e-4,0.030576310890060868
Hippocampus,mrtrixad_mean,Eigengene_4,0.25893441872995354,0.04164268628683769,6.218004692262056,1.0112994208866548e-9,5.62531754193781e-9,0.06704703320301873
Hippocampus,mrtrixad_mean,Eigengene_6,-0.2711287355447265,0.04149817949072533,-6.533509153222556,1.4915035868469147e-10,1.1343830097145548e-9,0.07351079123808234
Hippocampus,mrtrixad_mean,Eigengene_8,0.2049805823387743,0.04219760033135786,4.857635996577019,1.5601189658030279e-6,5.8504461217613546e-6,0.04201703913594303
Parasubiculum,mrtrixad_mean,Eigengene_2,-0.4918752807969311,0.03753706243200252,-13.103723331785785,3.034393169508873e-34,1.6385723115347914e-32,0.24194129185905913
Parasubiculum,mrtrixad_mean,Eigengene_3,0.18983478122017794,0.04232909559952112,4.484735110247089,8.929652450092267e-6,3.01375770190614e-5,0.036037244160912744
Parasubiculum,mrtrixad_mean,Eigengene_4,0.24799792619822422,0.041766233595762516,5.9377613169166725,5.186092608983373e-9,2.5459000080463832e-8,0.06150297139861979
Parasubiculum,mrtrixad_mean,Eigengene_6,-0.2660904499486707,0.041558752079858666,-6.402753611016888,3.328071906979525e-10,2.2104249819561864e-9,0.07080412755388607
Parasubiculum,mrtrixad_mean,Eigengene_8,0.19789981773213067,0.04226038206709077,4.682868636112977,3.586180610761564e-6,1.265710803798199e-5,0.03916433785841052
Perirhinal_Cortex,mrtrixad_mean,Eigengene_4,-0.14020358253753606,0.04268722059281738,-3.2844392441218564,0.0010883364701242879,0.0029385084693355776,0.019657044556359603
Perirhinal_Cortex,mrtrixad_mean,Eigengene_6,0.23050079204776963,0.041952118769693285,5.4943778480691705,6.058896477161229e-8,2.7727153370059863e-7,0.053130615134649034
Perirhinal_Cortex,mrtrixad_mean,Eigengene_7,0.1502539139328556,0.04262361775599769,3.5251328217373787,4.593543702669996e-4,0.0012655681629805092,0.022576238652141936
Perirhinal_Cortex,mrtrixad_mean,Eigengene_8,0.23077361906751814,0.041949330755358345,5.501246740105397,5.839592655323325e-8,2.6951966101492264e-7,0.05325646325751966
Perirhinal_Cortex,mrtrixad_mean,Eigengene_10,-0.18564621045118554,0.04236361200170574,-4.382209204534085,1.4130082991243396e-5,4.530886063157339e-5,0.034464515454886
Postsubiculum,mrtrixad_mean,Eigengene_2,-0.47773607468937995,0.037874971454965704,-12.613503227518473,3.876661090463122e-32,8.051526880192638e-31,0.2282317570596168
Postsubiculum,mrtrixad_mean,Eigengene_3,0.19174912395700258,0.042313054254423346,4.531677689916639,7.2156692821118596e-6,2.4661148179369647e-05,0.036767726538277985
Postsubiculum,mrtrixad_mean,Eigengene_4,0.26384849644676195,0.041585312742793624,6.344752006042918,4.731235842104587e-10,2.903258357655087e-9,0.06961602907721696
Postsubiculum,mrtrixad_mean,Eigengene_5,0.10705925752413199,0.0428652751416688,2.497575419037985,0.012802188330227907,0.030320972361066092,0.011461684621618408
Postsubiculum,mrtrixad_mean,Eigengene_6,-0.2574949190324791,0.04165927394157439,-6.180974718705043,1.2596016020595105e-9,6.870554193051875e-9,0.06630363332754298
Postsubiculum,mrtrixad_mean,Eigengene_8,0.21914287963473145,0.0420651026303718,5.20961238488709,2.7000161930372304e-7,1.104552078969776e-6,0.048023601694602396
Ventral_Orbital_Cortex,mrtrixrd_mean,Eigengene_2,-0.46627280303263796,0.03813958108401429,-12.225430636102875,1.6808730902197693e-30,2.750519602177804e-29,0.21741032684791378
Ventral_Orbital_Cortex,mrtrixrd_mean,Eigengene_3,0.17908563863834095,0.0424160735742953,4.222117314198296,2.841423926446684e-5,8.668750962040731e-5,0.03207166596650254
Ventral_Orbital_Cortex,mrtrixrd_mean,Eigengene_4,0.251553696715542,0.041726689453719955,6.028604234096886,3.0736741037119534e-9,1.728941683337974e-8,0.06327926233125453
Ventral_Orbital_Cortex,mrtrixrd_mean,Eigengene_6,-0.27849128621331837,0.041407455004282674,-6.725631560416226,4.478485588862069e-11,5.038296287469828e-10,0.07755739649674841
Ventral_Orbital_Cortex,mrtrixrd_mean,Eigengene_8,0.19469308056754586,0.042288058997667216,4.603972969728545,5.17767877520963e-6,1.9020044480361906e-5,0.037905395620880855
Hippocampus,mrtrixrd_mean,Eigengene_2,-0.473843153488056,0.037965760985855634,-12.480802206614245,1.416983001642083e-31,2.8339660032841662e-30,0.22452733410750675
Hippocampus,mrtrixrd_mean,Eigengene_3,0.1696730235049796,0.04248793979539398,3.9934396518650086,7.417689649060326e-5,2.0754157567319048e-4,0.028788934905321504
Hippocampus,mrtrixrd_mean,Eigengene_4,0.24530828855332734,0.04179574700369314,5.869216514581053,7.662470398136192e-9,3.9785903990322535e-8,0.06017615643296248
Hippocampus,mrtrixrd_mean,Eigengene_6,-0.2792065965248126,0.04139850033329446,-6.744364995759584,3.9767752490678205e-11,4.668388335862224e-10,0.07795632354296979
Hippocampus,mrtrixrd_mean,Eigengene_8,0.2054433144653777,0.04219341737057991,4.869084498678853,1.4760059986055941e-6,5.860612053286918e-6,0.04220695545852019
Parasubiculum,mrtrixrd_mean,Eigengene_2,-0.48363350726889076,0.03773559526363804,-12.816374139324079,5.270062377414189e-33,3.1620374264485133e-31,0.23390136935320824
Parasubiculum,mrtrixrd_mean,Eigengene_3,0.1859493579728426,0.04236114066475458,4.3896211257492554,1.3673098793810083e-5,4.586008291091581e-5,0.034577163730512346
Parasubiculum,mrtrixrd_mean,Eigengene_4,0.2513200749781441,0.04172930602407491,6.022627714756385,3.181936810538635e-9,1.7713875027740854e-8,0.06316178008702002
Parasubiculum,mrtrixrd_mean,Eigengene_6,-0.277453346167405,0.041420404268644004,-6.698470260403572,5.317898812528828e-11,5.860541548501158e-10,0.07698035929948972
Parasubiculum,mrtrixrd_mean,Eigengene_8,0.20477763991471687,0.04219943176450528,4.8526160507914495,1.598441181835715e-6,6.30042509628676e-6,0.041933881809041326
Perirhinal_Cortex,mrtrixrd_mean,Eigengene_4,-0.14296208580996994,0.04267021113440141,-3.3503955572113773,8.63580875682036e-4,0.002285949376805389,0.020438157979137107
Perirhinal_Cortex,mrtrixrd_mean,Eigengene_6,0.23355754889893104,0.041920682568976984,5.571415697123529,3.998209568388953e-8,1.8774201451565522e-7,0.05454912864767655
Perirhinal_Cortex,mrtrixrd_mean,Eigengene_7,0.15026994538284413,0.042623512707531126,3.5255176271826376,4.58702695966292e-4,0.001232335601103471,0.02258105648536287
Perirhinal_Cortex,mrtrixrd_mean,Eigengene_8,0.2288193964215718,0.04196922407174707,5.452075931411105,7.596746791511512e-8,3.4185360561801806e-7,0.052358316178732434
Perirhinal_Cortex,mrtrixrd_mean,Eigengene_10,-0.1857783095570079,0.04236253560908207,-4.385438852654019,1.392919047125182e-5,4.6430634904172735e-5,0.03451358030185929
Amygdalopiriform_Transition_Area,mrtrixrd_mean,Eigengene_4,-0.15494806714064469,0.04259236838655254,-3.637930291511228,3.013063220010228e-4,8.259158065002654e-4,0.02400890351062163
Amygdalopiriform_Transition_Area,mrtrixrd_mean,Eigengene_6,0.24138949024367912,0.04183813547381698,5.769604393454503,1.3422153456506139e-8,6.773797071507771e-8,0.058268886000103014
Amygdalopiriform_Transition_Area,mrtrixrd_mean,Eigengene_7,0.1451028015807221,0.04265677789864236,3.4016353022608468,7.196383480232707e-4,0.0019143089060717543,0.02105482302657427
Amygdalopiriform_Transition_Area,mrtrixrd_mean,Eigengene_8,0.21935328006737595,0.04206306423360767,5.214866868688953,2.628176313058218e-7,1.1087618820714357e-6,0.04811586147631619
Amygdalopiriform_Transition_Area,mrtrixrd_mean,Eigengene_10,-0.18104209207452637,0.042400633037316844,-4.269796913531716,2.3130138089431444e-5,7.304254133504666e-5,0.03277623910272137
Postsubiculum,mrtrixrd_mean,Eigengene_2,-0.4753836124882951,0.0379299496425183,-12.533199146550006,8.501232300123274e-32,1.912777267527737e-30,0.225989579022422
Postsubiculum,mrtrixrd_mean,Eigengene_3,0.1794944038835517,0.04241286188307071,4.232074797932881,2.7223540635510572e-5,8.352677240440744e-5,0.03221824102551158
Postsubiculum,mrtrixrd_mean,Eigengene_4,0.24779705996365045,0.041768449545797094,5.932637257505881,5.340349543522227e-9,2.8272438759823554e-8,0.061403382926629065
Postsubiculum,mrtrixrd_mean,Eigengene_6,-0.26301569051138796,0.04159511754985974,-6.323234696863475,5.387218665184468e-10,3.7296129220507856e-9,0.06917725345518227
Postsubiculum,mrtrixrd_mean,Eigengene_8,0.1973446803322616,0.042265207050652114,4.669199422015295,3.823238704801684e-6,1.4337145143006316e-5,0.038944922855442717
Ventral_Orbital_Cortex,mrtrixmd_mean,Eigengene_2,-0.4656901714137711,0.03815281015069782,-12.205920601244456,2.0281437372310208e-30,3.129136051727861e-29,0.2168673357513877
Ventral_Orbital_Cortex,mrtrixmd_mean,Eigengene_3,0.1826534896758464,0.04238778543965387,4.309106686780896,1.949251937290979e-5,6.014834549355021e-5,0.03336229729076449
Ventral_Orbital_Cortex,mrtrixmd_mean,Eigengene_4,0.2573671450550715,0.04166074152125412,6.1776899703950345,1.2843073526845887e-9,7.149752272677091e-9,0.06623784735379815
Ventral_Orbital_Cortex,mrtrixmd_mean,Eigengene_6,-0.28188171690629615,0.041364790661348363,-6.814532659286222,2.542340845747296e-11,3.050809014896755e-10,0.07945730232604112
Ventral_Orbital_Cortex,mrtrixmd_mean,Eigengene_8,0.19687978611600873,0.04226923683440521,4.657755873078779,4.033215172283209e-6,1.4617021429751227e-5,0.03876165018108533
Hippocampus,mrtrixmd_mean,Eigengene_2,-0.47583283492019374,0.03791947820752879,-12.548506926071536,7.320904062476396e-32,1.5204954591297132e-30,0.2264168867881874
Hippocampus,mrtrixmd_mean,Eigengene_3,0.17188794611780184,0.04247138844437446,4.047146853767838,5.945099249596232e-5,1.6720591639489402e-4,0.02954546602059628
Hippocampus,mrtrixmd_mean,Eigengene_4,0.25099936430424763,0.04173289376683604,6.014425112876064,3.3366056989826803e-9,1.7324683437025457e-8,0.06300068088113625
Hippocampus,mrtrixmd_mean,Eigengene_6,-0.27610310421568596,0.04143717140959755,-6.663174507894518,6.642470153994179e-11,6.642470153994179e-10,0.0762329241575379
Hippocampus,mrtrixmd_mean,Eigengene_8,0.2053860310402992,0.042193935729760094,4.8676670589758935,1.4861778277195045e-6,5.691744872117252e-6,0.04218342174648683
Parasubiculum,mrtrixmd_mean,Eigengene_2,-0.4869825500539465,0.037655452167792244,-12.93259068790246,1.6676640244687753e-33,8.586673331518443e-32,0.23715200405704318
Parasubiculum,mrtrixmd_mean,Eigengene_3,0.18751164532985237,0.04234833825002422,4.427839511028396,1.1532453109459872e-5,3.916682188118447e-5,0.035160617134308146
Parasubiculum,mrtrixmd_mean,Eigengene_4,0.25014589870070936,0.0417424175462827,5.992606882995106,3.78461522124121e-9,1.9463735423526224e-8,0.06257297063678531
Parasubiculum,mrtrixmd_mean,Eigengene_6,-0.2732077256322186,0.04147282755020516,-6.58763199353807,1.0657901251469436e-10,9.592111126322492e-10,0.07464246134512931
Parasubiculum,mrtrixmd_mean,Eigengene_8,0.2022221557979478,0.0422223315114292,4.789459713829591,2.1652114724268785e-6,8.008316404866537e-6,0.040893800295569285
Perirhinal_Cortex,mrtrixmd_mean,Eigengene_4,-0.14204350787677097,0.04267591282063528,-3.328423424093416,9.331545985966912e-4,0.0025195174162110662,0.020176358129938406
Perirhinal_Cortex,mrtrixmd_mean,Eigengene_6,0.23254047603073402,0.041931190913080646,5.545763689678364,4.594210519755431e-8,2.102435322599943e-7,0.05407507299260038
Perirhinal_Cortex,mrtrixmd_mean,Eigengene_7,0.15026621543057844,0.04262353714962307,3.525428096290861,4.58854240724681e-4,0.0012514206565218571,0.02257993549982899
Perirhinal_Cortex,mrtrixmd_mean,Eigengene_8,0.22947391244371068,0.04196258121390307,5.468536629669512,6.95789564400852e-8,3.1573644098862186e-7,0.05265827649222401
Perirhinal_Cortex,mrtrixmd_mean,Eigengene_10,-0.1857363499588368,0.04236287759742617,-4.38441296939001,1.3992705151261371e-5,4.607354135171427e-5,0.03449799169603164
Postsubiculum,mrtrixmd_mean,Eigengene_2,-0.4774605219092472,0.03788142942394101,-12.604078810381237,4.251480833597354e-32,9.981737609315527e-31,0.2279685499818503
Postsubiculum,mrtrixmd_mean,Eigengene_3,0.18499216219267559,0.04236892974861735,4.366222212604097,1.5166006307705633e-5,4.963420246158207e-5,0.034222100072720994
Postsubiculum,mrtrixmd_mean,Eigengene_4,0.2550272780873172,0.04168747878462925,6.117598989492002,1.8295394551798336e-9,1.00811357734399e-8,0.0650389125686256
Postsubiculum,mrtrixmd_mean,Eigengene_6,-0.26133616977967106,0.04161478965644735,-6.279886836798716,6.990204515574037e-10,4.1941227093444224e-9,0.068296593635109
Postsubiculum,mrtrixmd_mean,Eigengene_8,0.20684072974969495,0.04218072536168999,4.903678824299094,1.2475713198213312e-6,4.917434399295758e-6,0.0427830874833862
Ventral_Orbital_Cortex,msd_RAS_060622_mean,Eigengene_1,0.09188886681126841,0.027009587407427725,3.4020833204582264,7.443300240390076e-4,0.0010359232293326395,0.031317586103348644
Ventral_Orbital_Cortex,msd_RAS_060622_mean,Eigengene_2,-0.09974284419826585,0.04195071236042314,-2.3776197968062296,0.01794931462564773,0.022699367442271134,0.015545244280424924
Ventral_Orbital_Cortex,msd_RAS_060622_mean,Eigengene_3,0.1596983510320845,0.045247644203035405,3.5294290751466626,4.707750740437302e-4,6.665365715322391e-4,0.03362569469978774
Ventral_Orbital_Cortex,msd_RAS_060622_mean,Eigengene_4,0.3170252305294746,0.04391982137146082,7.218272311450661,3.176277536018577e-12,1.9057665216111462e-11,0.12704953958907975
Ventral_Orbital_Cortex,msd_RAS_060622_mean,Eigengene_5,0.17569501881996152,0.04733137407894515,3.712020245322173,2.3834428901105126e-4,3.4879652050397744e-4,0.03706258504815397
Ventral_Orbital_Cortex,msd_RAS_060622_mean,Eigengene_6,-0.1117909129852558,0.05089621234712276,-2.196448573084742,0.02870051329901092,0.03522335723060431,0.013296753239078469
Ventral_Orbital_Cortex,msd_RAS_060622_mean,Eigengene_7,0.09314292297083487,0.023861350074411154,3.9035059910847663,1.132877398789713e-4,1.7731994068012898e-4,0.04082484953366854
Ventral_Orbital_Cortex,msd_RAS_060622_mean,Eigengene_8,0.33402451457191845,0.04849209124783075,6.8882266360673965,2.5504455957825724e-11,1.3502359036495972e-10,0.1170253774937594
Ventral_Orbital_Cortex,msd_RAS_060622_mean,Eigengene_10,-0.15077009901706456,0.02652920117162074,-5.683175231764945,2.7437845725278278e-8,7.262959162573661e-8,0.08275328322001761
Posterolateral_Cortical_Amygdaloid_Area,msd_RAS_060622_mean,Eigengene_1,0.1246070250450366,0.026640794411443312,4.677301401774745,4.126323849124419e-6,7.736857217108286e-6,0.05759006166865465
Posterolateral_Cortical_Amygdaloid_Area,msd_RAS_060622_mean,Eigengene_2,-0.19978298737780043,0.04094096051363787,-4.879782615536111,1.601751792810983e-6,3.3073218905611874e-6,0.06236645525450596
Posterolateral_Cortical_Amygdaloid_Area,msd_RAS_060622_mean,Eigengene_3,0.10103334651371189,0.04571733891505135,2.2099568546945556,0.02774033477985173,0.0341225074740773,0.013458599773789083
Posterolateral_Cortical_Amygdaloid_Area,msd_RAS_060622_mean,Eigengene_4,0.24070491880820663,0.04525318263394954,5.319071605532261,1.8418063820667277e-7,4.3813896313481623e-7,0.07324118661098762
Posterolateral_Cortical_Amygdaloid_Area,msd_RAS_060622_mean,Eigengene_5,0.2566997903216664,0.04628629239919805,5.54591385518089,5.69021926201562e-8,1.4702001920997297e-7,0.0791166404507955
Posterolateral_Cortical_Amygdaloid_Area,msd_RAS_060622_mean,Eigengene_7,0.09209635215434943,0.02387269470687156,3.8578113315310083,1.3566602391753234e-4,2.0636521948019004e-4,0.0399125728804917
Posterolateral_Cortical_Amygdaloid_Area,msd_RAS_060622_mean,Eigengene_8,0.3058567819162673,0.04900846148454255,6.240897442021021,1.2301066217774462e-9,4.677870251829725e-9,0.09812046489446344
Posterolateral_Cortical_Amygdaloid_Area,msd_RAS_060622_mean,Eigengene_10,-0.1314213972146819,0.02681510806808515,-4.901020606778656,1.4476939091479105e-6,3.0183579572968017e-6,0.06287629652947563
Hippocampus,msd_RAS_060622_mean,Eigengene_1,0.09869692646872878,0.02694240998709017,3.6632553107172217,2.866440055993401e-4,4.1721769009068376e-4,0.036130148412783024
Hippocampus,msd_RAS_060622_mean,Eigengene_2,-0.14106341422269772,0.041618124272106656,-3.3894707339619674,7.782985600685646e-4,0.0010804144535656167,0.031093015040343484
Hippocampus,msd_RAS_060622_mean,Eigengene_3,0.127974790529452,0.04552846331250966,2.8108743677779455,0.005212487952642798,0.006831901685502697,0.021593311835066156
Hippocampus,msd_RAS_060622_mean,Eigengene_4,0.3009469522943366,0.0442346549672858,6.803420361635126,4.306423276408474e-11,2.153211638204237e-10,0.11448941614611184
Hippocampus,msd_RAS_060622_mean,Eigengene_5,0.20994346646235848,0.0469400304613151,4.472589054567831,1.0391285090224615e-5,1.8580443538812227e-5,0.05292020733683229
Hippocampus,msd_RAS_060622_mean,Eigengene_7,0.11511481193351389,0.023591999044558956,4.8794004999785265,1.6046635839389464e-6,3.3073218905611874e-6,0.062357297359193965
Hippocampus,msd_RAS_060622_mean,Eigengene_8,0.3590935100078008,0.04798903245481281,7.4828245463362615,5.68990700498686e-13,3.990324393107668e-12,0.13525037559756325
Hippocampus,msd_RAS_060622_mean,Eigengene_10,-0.15847225924482697,0.026403510120223163,-6.001939080192553,4.781351365422936e-9,1.4587173657222516e-8,0.09142422596882276
Parasubiculum,msd_RAS_060622_mean,Eigengene_1,0.12869301938112393,0.026586479913145222,4.840543757637276,1.929006609138091e-6,3.886804361696153e-6,0.061428861922436025
Parasubiculum,msd_RAS_060622_mean,Eigengene_2,-0.1815702885046931,0.041177214677676266,-4.409484466736631,1.3720421332999235e-5,2.3977435339221965e-5,0.05151380410218532
Parasubiculum,msd_RAS_060622_mean,Eigengene_3,0.17179357908818818,0.04512371513599378,3.807168327573139,1.6533169598924882e-4,2.4799754398387326e-4,0.038912063079774045
Parasubiculum,msd_RAS_060622_mean,Eigengene_4,0.30333750313003716,0.044189021043392465,6.8645445399699545,2.953604601083151e-11,1.5046664948914167e-10,0.11631551737048247
Parasubiculum,msd_RAS_060622_mean,Eigengene_5,0.21582511002061405,0.046865460998,4.605206167284356,5.734352825468971e-6,1.053248478147362e-5,0.05592690054642295
Parasubiculum,msd_RAS_060622_mean,Eigengene_7,0.10368931363178632,0.023739534720903847,4.367790474869025,1.6456886684385813e-5,2.8574658551666685e-5,0.05059328359604644
Parasubiculum,msd_RAS_060622_mean,Eigengene_8,0.32445395920731734,0.048673260406952246,6.665959019276505,9.964873013951267e-11,4.720203006608495e-10,0.11041536790173001
Parasubiculum,msd_RAS_060622_mean,Eigengene_9,0.04750890478362968,0.017996857922289798,2.639844409994929,0.008657254843816136,0.011157321278426523,0.019094177144278593
Parasubiculum,msd_RAS_060622_mean,Eigengene_10,-0.11083543243793079,0.027073611529823047,-4.093854723291702,5.247852528719321e-5,8.613496551697366e-5,0.0447210542867846
Perirhinal_Cortex,msd_RAS_060622_mean,Eigengene_4,0.2734189781973963,0.044731083923245166,6.112505090790123,2.5640332546456425e-9,8.76955225076899e-9,0.09450238158041915
Perirhinal_Cortex,msd_RAS_060622_mean,Eigengene_5,0.14570696221647775,0.04761492808636532,3.060110937313405,0.002379479843037531,0.0031804928595056113,0.025490445003156288
Perirhinal_Cortex,msd_RAS_060622_mean,Eigengene_6,-0.11643052042249752,0.050867147824155516,-2.288913874726973,0.022666158333543133,0.028464477907240212,0.014423354590516965
Perirhinal_Cortex,msd_RAS_060622_mean,Eigengene_7,0.1197426175862394,0.023527568011090103,5.08946005510628,5.811736419150871e-7,1.2809541495271305e-6,0.06747181031355373
Perirhinal_Cortex,msd_RAS_060622_mean,Eigengene_8,0.30380845301157966,0.0490440368552226,6.194605348422246,1.6052149927864524e-9,5.89670813676656e-9,0.09681063622482765
Perirhinal_Cortex,msd_RAS_060622_mean,Eigengene_10,-0.12610091984949048,0.02688637632781694,-4.690141888664449,3.889733916068643e-6,7.3442528485212134e-06,0.05788836751246611
Piriform_Cortex,msd_RAS_060622_mean,Eigengene_1,0.11691668522364358,0.02673799157327419,4.37268015823997,1.6110791124884102e-5,2.8063958733669083e-5,0.05070087755999343
Piriform_Cortex,msd_RAS_060622_mean,Eigengene_2,-0.11153506150979216,0.04186768386199669,-2.6639892924918294,0.008071140974695,0.010426832838122726,0.01943823718362309
Piriform_Cortex,msd_RAS_060622_mean,Eigengene_3,0.18676243700579861,0.04495728596523932,4.154219566327961,4.0859108048003124e-5,6.78889795259129e-5,0.04598852349728241
Piriform_Cortex,msd_RAS_060622_mean,Eigengene_4,0.2741320539967841,0.04471889130297654,6.130117406970184,2.319883885409112e-9,8.082176116909164e-9,0.09499594815537377
Piriform_Cortex,msd_RAS_060622_mean,Eigengene_5,0.17019283587474188,0.04738749836028977,3.591513411000436,3.746846273161447e-4,5.38110900932761e-4,0.03477758007991115
Piriform_Cortex,msd_RAS_060622_mean,Eigengene_7,0.08401331610128324,0.023955830433930615,3.507009132202249,5.108239359285114e-4,7.164803257179122e-4,0.03321399544259239
Piriform_Cortex,msd_RAS_060622_mean,Eigengene_8,0.36356740812043276,0.04789484522105522,7.590950684617801,2.7827641569973656e-13,2.1482057678803286e-12,0.13864150236979914
Piriform_Cortex,msd_RAS_060622_mean,Eigengene_9,0.03992725296335391,0.01804822984104065,2.2122531303630453,0.02757991060695272,0.034002629515421164,0.013486205478348827
Piriform_Cortex,msd_RAS_060622_mean,Eigengene_10,-0.15112405997310235,0.02652357492287594,-5.697725906576851,2.5375492532100468e-8,6.783547508581313e-8,0.08314229689032429
Amygdalopiriform_Transition_Area,msd_RAS_060622_mean,Eigengene_1,0.06922966850625464,0.02719771358640912,2.5454223674466947,0.011333293191932943,0.014468033862042056,0.017776530108168202
Amygdalopiriform_Transition_Area,msd_RAS_060622_mean,Eigengene_2,-0.09546569545890897,0.04197850034121013,-2.2741568822836356,0.023547848724335026,0.02936683212734622,0.014240614701926406
Amygdalopiriform_Transition_Area,msd_RAS_060622_mean,Eigengene_4,0.1308924029348086,0.0464955253922049,2.815161283385628,0.005144965170922276,0.006759808253766494,0.02165779919347223
Amygdalopiriform_Transition_Area,msd_RAS_060622_mean,Eigengene_5,0.1511992242848323,0.04756707249985125,3.178653138372245,0.0016084864581238508,0.002160653451211143,0.027448330585407812
Amygdalopiriform_Transition_Area,msd_RAS_060622_mean,Eigengene_7,0.09042634394646126,0.023890520911874595,3.7850302335398456,1.8013928229349127e-4,2.6797579184155727e-4,0.038478205671248523
Amygdalopiriform_Transition_Area,msd_RAS_060622_mean,Eigengene_8,0.22832526127746117,0.0501748572233154,4.550591150887468,7.3375836593129016e-6,1.3251823331200557e-5,0.054680351072280704
Amygdalopiriform_Transition_Area,msd_RAS_060622_mean,Eigengene_10,-0.12510065480044805,0.026899425614626483,-4.650681267053708,4.661699933136309e-6,8.650577195510676e-6,0.05697363894035326
Postsubiculum,msd_RAS_060622_mean,Eigengene_1,0.14435715434590057,0.02636083689998404,5.476197697880676,8.197700046359182e-8,2.0494250115897956e-7,0.07729281301176802
Postsubiculum,msd_RAS_060622_mean,Eigengene_2,-0.17790747301666748,0.04122185031706555,-4.315853646749454,2.0600369558846354e-5,3.5314919243736605e-5,0.04945639278050009
Postsubiculum,msd_RAS_060622_mean,Eigengene_3,0.18822251352160288,0.04494027384184801,4.188281410656017,3.5431082724852034e-5,5.9234627465696896e-5,0.04671039493076062
Postsubiculum,msd_RAS_060622_mean,Eigengene_4,0.2900941662614748,0.044436720604173065,6.528253262555832,2.280087162304158e-10,9.69485880034839e-10,0.10638084413475195
Postsubiculum,msd_RAS_060622_mean,Eigengene_5,0.22523349322008185,0.04674163281314749,4.818691168117006,2.1383069918654847e-6,4.21418166280059e-6,0.060909180250587114
Postsubiculum,msd_RAS_060622_mean,Eigengene_7,0.10541271574025046,0.023718324084409687,4.444357677427107,1.1771695049436269e-5,2.0910247785182846e-5,0.05228906447941298
Postsubiculum,msd_RAS_060622_mean,Eigengene_8,0.3588802871873684,0.04799348765377065,7.477687176567854,5.885547525747842e-13,4.074609825517737e-12,0.13508980513954869
Postsubiculum,msd_RAS_060622_mean,Eigengene_9,0.0410340256390648,0.01804129443962342,2.2744501940472355,0.023530037107720524,0.02936683212734622,0.01424423600708288
Postsubiculum,msd_RAS_060622_mean,Eigengene_10,-0.1375866622311975,0.026728586240958217,-5.147547310989578,4.3622712680725674e-7,9.774383754187495e-7,0.06891400076151119
Ventral_Orbital_Cortex,ng_RAS_060622_mean,Eigengene_1,-0.14848687291581902,0.02629668442908517,-5.64660055590836,3.3369613249219407e-8,9.955575223524022e-8,0.08177840033689693
Ventral_Orbital_Cortex,ng_RAS_060622_mean,Eigengene_2,0.1897349012882201,0.04107426146946279,4.6193137624466125,5.3784759932646714e-6,1.0837227747622844e-5,0.05625077445803336
Ventral_Orbital_Cortex,ng_RAS_060622_mean,Eigengene_3,-0.18585450833392012,0.04496779470094323,-4.13305810458216,4.462107502227971e-5,7.95227079604985e-5,0.0455424722745974
Ventral_Orbital_Cortex,ng_RAS_060622_mean,Eigengene_4,-0.2954252994671378,0.04433850373936609,-6.662951488027852,1.0148041626656372e-10,5.169757055089095e-10,0.1103267463030744
Ventral_Orbital_Cortex,ng_RAS_060622_mean,Eigengene_5,-0.26267098057031957,0.04619261977777334,-5.68642743871197,2.6963172509732083e-8,8.226052630087754e-8,0.08284017358544168
Ventral_Orbital_Cortex,ng_RAS_060622_mean,Eigengene_7,-0.07508616552353535,0.02403849296988755,-3.1235804015498814,0.001932295799988923,0.002882430198878504,0.02653045635436367
Ventral_Orbital_Cortex,ng_RAS_060622_mean,Eigengene_8,-0.2633460525205696,0.049693252243089577,-5.299432833100412,2.035228727998111e-7,5.088071819995278e-7,0.07274061913932175
Ventral_Orbital_Cortex,ng_RAS_060622_mean,Eigengene_10,0.14136468104388836,0.026673460855258256,5.299825238689284,2.0311776188510211e-7,5.088071819995278e-7,0.07275060821761103
Posterolateral_Cortical_Amygdaloid_Area,ng_RAS_060622_mean,Eigengene_1,-0.16864415001279692,0.025954950829520627,-6.497571546966082,2.73706284860767e-10,1.3079769365027805e-9,0.10548848381163808
Posterolateral_Cortical_Amygdaloid_Area,ng_RAS_060622_mean,Eigengene_2,0.27930260355821357,0.03962003127461673,7.049530113247378,9.295410198895722e-12,5.7695649510387234e-11,0.12189447548326891
Posterolateral_Cortical_Amygdaloid_Area,ng_RAS_060622_mean,Eigengene_4,-0.1656652016077515,0.04618472720597385,-3.5870126691215622,3.809788186594546e-4,6.141151106749417e-4,0.03469349305302628
Posterolateral_Cortical_Amygdaloid_Area,ng_RAS_060622_mean,Eigengene_5,-0.33931438504605976,0.0447758913516216,-7.578059862202412,3.0315986123325757e-13,2.598513096285065e-12,0.13823606188624235
Posterolateral_Cortical_Amygdaloid_Area,ng_RAS_060622_mean,Eigengene_6,-0.12336993803548112,0.050821437131470366,-2.4275176972334425,0.015695039976977417,0.021294777858210566,0.01619389415640774
Hippocampus,ng_RAS_060622_mean,Eigengene_1,-0.14962593414339026,0.026278643342636045,-5.693822629748476,2.5913404127395408e-8,7.950703539087228e-8,0.08303787719388227
Hippocampus,ng_RAS_060622_mean,Eigengene_2,0.1971593651753611,0.04097647204312703,4.811526111077944,2.2115803438926983e-6,4.757981616342856e-6,0.06073917336317584
Hippocampus,ng_RAS_060622_mean,Eigengene_3,-0.17802157124166965,0.04505623224694276,-3.951097603234436,9.372266712476867e-5,1.5815700077304712e-4,0.041784543474495464
Hippocampus,ng_RAS_060622_mean,Eigengene_4,-0.33095858064248773,0.04363176821154244,-7.585266291246369,2.889905143489984e-13,2.5170141572332114e-12,0.13846267966381892
Hippocampus,ng_RAS_060622_mean,Eigengene_5,-0.2884580299440922,0.04576089840722112,-6.30359193076011,8.557700681545544e-10,3.787834727897208e-9,0.09990381568802752
Hippocampus,ng_RAS_060622_mean,Eigengene_7,-0.07427155142625678,0.024045560952717027,-3.0887843112624274,0.0021668224941730407,0.0032145168869600056,0.02595791817137706
Hippocampus,ng_RAS_060622_mean,Eigengene_8,-0.252859879824182,0.049845155219060786,-5.072907862617878,6.303796291230763e-7,1.512911109895383e-6,0.06706303780099493
Hippocampus,ng_RAS_060622_mean,Eigengene_10,0.12863800847148793,0.026852782687906772,4.790490801887002,2.440956496871803e-6,5.209946673165113e-6,0.0602411715040817
Parasubiculum,ng_RAS_060622_mean,Eigengene_1,-0.14430487208124015,0.02636163648609998,-5.4740483261473365,8.290017920212466e-8,2.2609139782397633e-7,0.07723683640920716
Parasubiculum,ng_RAS_060622_mean,Eigengene_2,0.2061314028245984,0.040852957864239876,5.045691024615698,7.201779001254027e-7,1.690852461163989e-6,0.06639301217146526
Parasubiculum,ng_RAS_060622_mean,Eigengene_3,-0.17763355619215676,0.045060509738252166,-3.942111556748823,9.715246818109179e-5,1.634340586223974e-4,0.04160259515592761
Parasubiculum,ng_RAS_060622_mean,Eigengene_4,-0.35083126992719327,0.04319588909299563,-8.12186708721043,7.50632090760289e-15,9.426542535129211e-14,0.1555901260065072
Parasubiculum,ng_RAS_060622_mean,Eigengene_5,-0.2788038345153699,0.04592773877162895,-6.070489032819443,3.252444390035137e-9,1.1867026828506581e-8,0.09332850189316952
Parasubiculum,ng_RAS_060622_mean,Eigengene_7,-0.07249791447748881,0.024060676226798455,-3.013128716504718,0.0027697702408509338,0.004064336766466044,0.024732948577531517
Parasubiculum,ng_RAS_060622_mean,Eigengene_8,-0.25257119598514116,0.04984924340488488,-5.066700690594453,6.498524422856094e-7,1.5527447736027837e-6,0.06690999680612034
Parasubiculum,ng_RAS_060622_mean,Eigengene_9,-0.04621925870415462,0.018006236085760442,-2.5668473124544553,0.010668535286674859,0.014734038503336122,0.01807161064736628
Parasubiculum,ng_RAS_060622_mean,Eigengene_10,0.10081646467283888,0.02718278350900254,3.708835213268352,2.4124886942994569e-4,3.912143828593714e-4,0.037001362910800493
Perirhinal_Cortex,ng_RAS_060622_mean,Eigengene_1,-0.1053361074343305,0.026872097477749605,-3.919906420462711,1.0614526333875642e-4,1.7745647740844726e-4,0.041154470617496115
Perirhinal_Cortex,ng_RAS_060622_mean,Eigengene_2,0.21667532160232048,0.04070026463337242,5.32368336063978,1.7990414307124954e-7,4.6261065361178455e-7,0.07335892431063919
Perirhinal_Cortex,ng_RAS_060622_mean,Eigengene_4,-0.31266442271926054,0.0440070559822233,-7.1048702472976535,6.549323185322153e-12,4.160746494204662e-11,0.12357834511619033
Perirhinal_Cortex,ng_RAS_060622_mean,Eigengene_5,-0.2608834524640128,0.046220907380714486,-5.644273711789256,3.378658875456868e-8,1.0024592267839058e-7,0.08171652235952546
Perirhinal_Cortex,ng_RAS_060622_mean,Eigengene_7,-0.10252906557796398,0.023753606995194472,-4.316357747213144,2.0555733507392008e-5,3.8144660116809914e-5,0.04946737512873632
Perirhinal_Cortex,ng_RAS_060622_mean,Eigengene_8,-0.2242207458522031,0.05022653476772681,-4.464189036514554,1.078490140000833e-5,2.102471753070216e-5,0.05273208621311424
Perirhinal_Cortex,ng_RAS_060622_mean,Eigengene_10,0.09043135199292528,0.027284639796245822,3.31436854832029,0.001012366556953186,0.0015442879682336737,0.029770960111591513
Piriform_Cortex,ng_RAS_060622_mean,Eigengene_1,-0.18605675614852565,0.025620447490549054,-7.262041625820892,2.397017876538152e-12,1.7491752072035162e-11,0.12839655706440176
Piriform_Cortex,ng_RAS_060622_mean,Eigengene_2,0.23577604621729384,0.040402616997928756,5.835662730198416,1.200505773422966e-8,3.813371280284715e-8,0.08686271828828238
Piriform_Cortex,ng_RAS_060622_mean,Eigengene_3,-0.20008433793526612,0.04479689960080415,-4.466477361564424,1.0676278559492361e-5,2.0888371094658966e-5,0.05278330634887507
Piriform_Cortex,ng_RAS_060622_mean,Eigengene_4,-0.2826857591643996,0.04456989089046487,-6.342527511658693,6.82168890957018e-10,3.0697600093065813e-9,0.10101672926831907
Piriform_Cortex,ng_RAS_060622_mean,Eigengene_5,-0.3237331524366138,0.04509698727997974,-7.17859821603496,4.095184161127563e-12,2.7642493087611047e-11,0.1258320181994442
Piriform_Cortex,ng_RAS_060622_mean,Eigengene_8,-0.13401361524806268,0.05111722780598356,-2.6216917661637282,0.009122768261432917,0.01279557106798383,0.01883741102706921
Piriform_Cortex,ng_RAS_060622_mean,Eigengene_10,0.10854917960256578,0.027099473632005676,4.005582583506877,7.526276696453695e-5,1.2902188622492049e-4,0.04289511971057317
Amygdalopiriform_Transition_Area,ng_RAS_060622_mean,Eigengene_1,-0.15610113745781093,0.02617321840048897,-5.964155231856952,5.904217271652939e-9,2.083841389995155e-8,0.09038047591627732
Amygdalopiriform_Transition_Area,ng_RAS_060622_mean,Eigengene_2,0.2224485222545204,0.040613176636075284,5.477250012916425,8.152867252126133e-8,2.234796099567569e-7,0.07732022423984558
Amygdalopiriform_Transition_Area,ng_RAS_060622_mean,Eigengene_3,-0.12392964624791444,0.04555971149820247,-2.7201587141921215,0.0068433492228430854,0.00972475942193491,0.0202498039019852
Amygdalopiriform_Transition_Area,ng_RAS_060622_mean,Eigengene_4,-0.19492807765945344,0.04586451980245263,-4.25008434622332,2.729044801210017e-5,5.002575567561369e-5,0.048032394916234365
Amygdalopiriform_Transition_Area,ng_RAS_060622_mean,Eigengene_5,-0.2948151483589623,0.04564758983841792,-6.458504148905579,3.4506159170639336e-10,1.628736661566907e-9,0.1043557537821989
Amygdalopiriform_Transition_Area,ng_RAS_060622_mean,Eigengene_10,0.06154238315911359,0.02750845609617416,2.2372169104638635,0.02588708411961197,0.03417854627039234,0.013788067880520723
Postsubiculum,ng_RAS_060622_mean,Eigengene_1,-0.14924453788946984,0.026284700842566507,-5.678000247496719,2.8209990231094245e-8,8.554903128350123e-8,0.08261508990555935
Postsubiculum,ng_RAS_060622_mean,Eigengene_2,0.21577871331984305,0.04071356799734353,5.2999214741857585,2.0301853003196725e-7,5.088071819995278e-7,0.07275305806887979
Postsubiculum,ng_RAS_060622_mean,Eigengene_3,-0.17429047348854745,0.04509696089348076,-3.8647942130784023,1.3199460364789038e-4,2.1797273996899329e-4,0.04005139998408042
Postsubiculum,ng_RAS_060622_mean,Eigengene_4,-0.3626711304385102,0.0429218792076541,-8.449563186269728,7.448641904903772e-16,1.2569583214525116e-14,0.16626904927298075
Postsubiculum,ng_RAS_060622_mean,Eigengene_5,-0.30107389461365897,0.045533337337925105,-6.612164014670015,1.3790038767845623e-10,6.895019383922811e-10,0.1088336039112533
Postsubiculum,ng_RAS_060622_mean,Eigengene_7,-0.07018181074862953,0.024079850830760717,-2.914545079281639,0.003786079676720763,0.005510735917598954,0.02317789578488688
Postsubiculum,ng_RAS_060622_mean,Eigengene_8,-0.26158000413440374,0.04971930036869322,-5.261136061743801,2.4706957875011523e-7,6.120072134177166e-7,0.07176826582914358
Postsubiculum,ng_RAS_060622_mean,Eigengene_9,-0.04231716929811537,0.018033012995352295,-2.3466499640976193,0.019487567437090174,0.02604773865353637,0.015149005653394993
Postsubiculum,ng_RAS_060622_mean,Eigengene_10,0.11116838607587046,0.02706979810156251,4.1067312603803146,4.976284785604889e-5,8.781679033420391e-5,0.04499014518117715
Ventral_Orbital_Cortex,qiv_RAS_060622_mean,Eigengene_1,0.09292926914524838,0.026999642634049397,3.441870338981997,6.460189632651397e-4,9.771715410733205e-4,0.03203078127134306
Ventral_Orbital_Cortex,qiv_RAS_060622_mean,Eigengene_2,-0.09933488327485675,0.041953416162411494,-2.3677424238900633,0.018427894790284845,0.024753888524263225,0.015418340285037269
Ventral_Orbital_Cortex,qiv_RAS_060622_mean,Eigengene_3,0.1578599741864402,0.04526566037824022,3.487411270869816,5.484222188234222e-4,8.509999947259999e-4,0.03285598236526113
Ventral_Orbital_Cortex,qiv_RAS_060622_mean,Eigengene_4,0.30913457548486917,0.04407665887332285,7.013566440535517,1.1658323850624258e-11,6.91812624102978e-11,0.12080380269186938
Ventral_Orbital_Cortex,qiv_RAS_060622_mean,Eigengene_5,0.17235500084429345,0.047365664359867644,3.6388173410764564,3.1417928401482494e-4,5.092342380600243e-4,0.03566683620567814
Ventral_Orbital_Cortex,qiv_RAS_060622_mean,Eigengene_7,0.09106035162038646,0.02388379328619373,3.8126419253940216,1.6185205024157057e-4,2.705885669673316e-4,0.03901966292380858
Ventral_Orbital_Cortex,qiv_RAS_060622_mean,Eigengene_8,0.34628918576766904,0.04825117763404567,7.176802779696924,4.142449862515599e-12,2.6010731694865388e-11,0.1257769983450287
Ventral_Orbital_Cortex,qiv_RAS_060622_mean,Eigengene_10,-0.15389620910691787,0.02647901287000833,-5.8120070360035845,1.3662751928422063e-8,4.582537913880692e-8,0.08622051992326515
Posterolateral_Cortical_Amygdaloid_Area,qiv_RAS_060622_mean,Eigengene_2,-0.0967927841643707,0.041970010698125705,-2.306236823730266,0.021668036250751636,0.028748745885518144,0.01463929016873054
Posterolateral_Cortical_Amygdaloid_Area,qiv_RAS_060622_mean,Eigengene_4,0.18093277673912728,0.04602442517138219,3.931233819116346,1.0146356699574627e-4,1.750489654239712e-4,0.04138280628449463
Posterolateral_Cortical_Amygdaloid_Area,qiv_RAS_060622_mean,Eigengene_5,0.13953650434174755,0.047666527134420454,2.9273478210034503,0.0036371797816458595,0.005237538885570037,0.023377199725720624
Posterolateral_Cortical_Amygdaloid_Area,qiv_RAS_060622_mean,Eigengene_7,0.09667363872081408,0.023822090440368596,4.058150940313459,6.07655605628599e-5,1.0758492689817818e-4,0.04397855931242354
Posterolateral_Cortical_Amygdaloid_Area,qiv_RAS_060622_mean,Eigengene_8,0.22777643586701418,0.050181824556496814,4.539022601909858,7.728571243693588e-6,1.617607934726565e-5,0.05441779669282698
Posterolateral_Cortical_Amygdaloid_Area,qiv_RAS_060622_mean,Eigengene_10,-0.10283691992492892,0.027161633872634653,-3.7861094957375565,1.7938926210256381e-4,2.971478574705045e-4,0.038499307200710084
Hippocampus,qiv_RAS_060622_mean,Eigengene_1,0.10665988678230948,0.026857507770427964,3.971324803999485,8.641771385432927e-5,1.4956912013249296e-4,0.04219536279518864
Hippocampus,qiv_RAS_060622_mean,Eigengene_2,-0.14381739891452663,0.04159178725200126,-3.4578316638125863,6.101012385865161e-4,9.280413206668133e-4,0.03231892557460876
Hippocampus,qiv_RAS_060622_mean,Eigengene_3,0.13477320351929478,0.045473634034861786,2.9637658476112247,0.0032423928768869695,0.004706699337416569,0.023948455229064802
Hippocampus,qiv_RAS_060622_mean,Eigengene_4,0.2800325059521122,0.044616652274076525,6.2764123186987435,1.0018916010016426e-9,4.129934843823565e-9,0.09912936750519366
Hippocampus,qiv_RAS_060622_mean,Eigengene_5,0.20366590039355428,0.047017221755740794,4.331729795767584,1.9238161399188506e-5,3.7639880998412294e-5,0.049802764726172795
Hippocampus,qiv_RAS_060622_mean,Eigengene_7,0.10808034208569399,0.023684764305488396,4.563285523624521,6.930414007556524e-6,1.4676170839531462e-5,0.054969057252461796
Hippocampus,qiv_RAS_060622_mean,Eigengene_8,0.36430336359585874,0.04787922184579989,7.608798755525651,2.4711855139826207e-13,2.052984888539408e-12,0.1392033637590548
Hippocampus,qiv_RAS_060622_mean,Eigengene_9,0.038735428436823566,0.018055483316867703,2.1453553891097643,0.032596656647099875,0.042414926721527545,0.01269309812854779
Hippocampus,qiv_RAS_060622_mean,Eigengene_10,-0.15230744926562337,0.026504660281471474,-5.746440348533591,1.951232784038516e-8,6.3093754693461e-8,0.08444950010096682
Parasubiculum,qiv_RAS_060622_mean,Eigengene_1,0.11913780680283924,0.02671059063813652,4.460320942238474,1.0970926733074718e-5,2.244053195401647e-5,0.052645552820990905
Parasubiculum,qiv_RAS_060622_mean,Eigengene_2,-0.1461955041113681,0.041568621375259115,-3.516967829930992,4.926562413232078e-4,7.733557276585238e-4,0.03339658724743018
Parasubiculum,qiv_RAS_060622_mean,Eigengene_3,0.18013938758238235,0.045032713617630615,4.000189486956801,7.692319060591023e-5,1.339952352490049e-4,0.04278462853740918
Parasubiculum,qiv_RAS_060622_mean,Eigengene_4,0.23040267303681275,0.04540272796481201,5.074643823502836,6.250355046183213e-7,1.5845970539619415e-6,0.06710586334062331
Parasubiculum,qiv_RAS_060622_mean,Eigengene_5,0.14470377885226587,0.04762347280713866,3.038496991562847,0.0025522843877623072,0.0037249555929503944,0.02514065305660889
Parasubiculum,qiv_RAS_060622_mean,Eigengene_7,0.089118197828301493,0.023904247578138006,3.7281323135979356,2.2414903653666406e-4,3.667893325145412e-4,0.037372973975228256
Parasubiculum,qiv_RAS_060622_mean,Eigengene_8,0.29710226582785426,0.049158661808845455,6.043741934699993,3.781611649650539e-9,1.3986782813775967e-8,0.09258386258889298
Parasubiculum,qiv_RAS_060622_mean,Eigengene_9,0.05648870617792892,0.017924237713543945,3.1515262785900693,0.0017611381757292447,0.0026198749721592068,0.026994430227365324
Parasubiculum,qiv_RAS_060622_mean,Eigengene_10,-0.07267843317907356,0.02743246335699652,-2.649358616951812,0.008421884255646757,0.011661070507818585,0.019229407612986988
Perirhinal_Cortex,qiv_RAS_060622_mean,Eigengene_1,0.061278084876237475,0.02725095133519195,2.2486585558979293,0.02514185281488686,0.03319462229838363,0.013927490030567605
Perirhinal_Cortex,qiv_RAS_060622_mean,Eigengene_2,-0.10753815588034722,0.0418968829849661,-2.5667340436503414,0.010671956154706171,0.014694513563090374,0.018070044588569926
Perirhinal_Cortex,qiv_RAS_060622_mean,Eigengene_4,0.28673659076817054,0.04449755119232565,6.44387349606832,3.762345369265731e-10,1.693055416169579e-9,0.1039325722963605
Perirhinal_Cortex,qiv_RAS_060622_mean,Eigengene_5,0.16414762219042062,0.04744703044246551,3.459597379639318,6.062445916235871e-4,9.247798855275056e-4,0.032350872763730686
Perirhinal_Cortex,qiv_RAS_060622_mean,Eigengene_6,-0.11138733210389781,0.05089868391995033,-2.1884128139556522,0.029285227979117204,0.03847694187037297,0.01320092024742231
Perirhinal_Cortex,qiv_RAS_060622_mean,Eigengene_7,0.11825769571515736,0.02354853796974259,5.021869972017207,8.088286254488673e-7,1.9763233382008525e-6,0.06580875765775243
Perirhinal_Cortex,qiv_RAS_060622_mean,Eigengene_8,0.3160557815810652,0.04882736669479786,6.4729229318594035,3.16822608613354e-10,1.43768242564043e-9,0.1047733538625985
Perirhinal_Cortex,qiv_RAS_060622_mean,Eigengene_10,-0.12671276891657055,0.026878339873075675,-4.714307859597389,3.4794004151292166e-6,7.796166905268784e-6,0.05845148586397045
Piriform_Cortex,qiv_RAS_060622_mean,Eigengene_1,0.11974313491134149,0.02670302862704019,4.4842529506217295,9.867506921544299e-6,2.041553156181579e-5,0.05318188620690994
Piriform_Cortex,qiv_RAS_060622_mean,Eigengene_2,-0.1300955272734057,0.04171780967344514,-3.1184649503834354,0.001965239744845283,0.002907477978675213,0.026445926468405715
Piriform_Cortex,qiv_RAS_060622_mean,Eigengene_3,0.1841752884187835,0.044987089332894,4.09395875905483,5.245602941531497e-5,9.379554928566253e-5,0.04472322562260203
Piriform_Cortex,qiv_RAS_060622_mean,Eigengene_4,0.13599396282229173,0.046454609094679224,2.9274589857192037,0.0036359106526852427,0.005237538885570037,0.023378933727151018
Piriform_Cortex,qiv_RAS_060622_mean,Eigengene_5,0.1294301884772884,0.0477461068639277,2.7108008794550167,0.007035417238479155,0.00981686126299417,0.02011351514114356
Piriform_Cortex,qiv_RAS_060622_mean,Eigengene_7,0.057594207455554935,0.02417295878084226,2.3825882457219074,0.01771274162984597,0.02385256977585243,0.015609265952768923
Piriform_Cortex,qiv_RAS_060622_mean,Eigengene_8,0.28153897856101584,0.04941385662056936,5.6975714468686185,2.5396570347793906e-8,7.973341853377156e-8,0.08313816390674546
Piriform_Cortex,qiv_RAS_060622_mean,Eigengene_10,-0.13546062380887827,0.02675890236947694,-5.06226383797394,6.641269474438908e-7,1.660317368609727e-6,0.06680068804477511
Amygdalopiriform_Transition_Area,qiv_RAS_060622_mean,Eigengene_8,0.10837542725578869,0.051286739826485864,2.1131276353779986,0.035281427688543775,0.045470097737025386,0.012319271113329934
Postsubiculum,qiv_RAS_060622_mean,Eigengene_1,0.14666285604215457,0.02632526173656887,5.571183204549974,4.980433407455517e-8,1.5112068967621515e-7,0.07978160419481016
Postsubiculum,qiv_RAS_060622_mean,Eigengene_2,-0.1694042781392839,0.041321789310048276,-4.099635591000161,5.124233281392507e-5,9.254468133618574e-5,0.04484177574547933
Postsubiculum,qiv_RAS_060622_mean,Eigengene_3,0.20069606811691748,0.04478925521730706,4.480897642597243,1.0015527268623009e-5,2.06426897902917e-5,0.053106555051959645
Postsubiculum,qiv_RAS_060622_mean,Eigengene_4,0.29533521540246627,0.04434018006030113,6.6606679314522506,1.0289321475802367e-10,5.192741679376896e-10,0.11025947267102454
Postsubiculum,qiv_RAS_060622_mean,Eigengene_5,0.2199421121852035,0.046811965445438114,4.698416528602243,3.7442485911529964e-6,8.354934872820737e-6,0.058080934104796325
Postsubiculum,qiv_RAS_060622_mean,Eigengene_7,0.09733606461281193,0.02381455451554191,4.08725111986824,5.392537242303451e-5,9.5788490488285e-5,0.044583322877091325
Postsubiculum,qiv_RAS_060622_mean,Eigengene_8,0.35028473116390463,0.0481705497349567,7.271761129803089,2.2514055271435617e-12,1.5009370180957078e-11,0.1286962171325619
Postsubiculum,qiv_RAS_060622_mean,Eigengene_9,0.04372823472165361,0.018023606956045192,2.4261644646543394,0.015752712735209,0.02142686367005758,0.016176136419470924
Postsubiculum,qiv_RAS_060622_mean,Eigengene_10,-0.13541772355976997,0.026759508893303013,-5.060545920319949,6.697350240555806e-7,1.6666217188479885e-6,0.06675838331762328
Ventral_Orbital_Cortex,rtop_RAS_060622_mean,Eigengene_1,-0.12044590338292734,0.026694198565701367,-4.512062914587177,8.718875424592363e-6,1.4398142902996565e-5,0.053807963483350596
Ventral_Orbital_Cortex,rtop_RAS_060622_mean,Eigengene_2,0.14651531800042036,0.041565475989706384,3.5249281888821535,4.785711354547426e-4,6.334029733959828e-4,0.033542862263628855
Ventral_Orbital_Cortex,rtop_RAS_060622_mean,Eigengene_3,-0.17152916916990424,0.045126524764694545,-3.8010719873581493,1.6929038283755696e-4,2.332061396231652e-4,0.03879237504830146
Ventral_Orbital_Cortex,rtop_RAS_060622_mean,Eigengene_4,-0.3145403876393698,0.043969698023953105,-7.153571704495663,4.804658381785482e-12,2.6747582743960412e-11,0.12506571688818854
Ventral_Orbital_Cortex,rtop_RAS_060622_mean,Eigengene_5,-0.22633176451003384,0.046726811656067506,-4.843723688574085,1.9002476413701938e-6,3.4318853723742628e-6,0.0615046325290605
Ventral_Orbital_Cortex,rtop_RAS_060622_mean,Eigengene_7,-0.08579580241851642,0.02393817725162767,-3.5840574458392713,3.8516546297538674e-4,5.173864428027583e-4,0.03463833022456381
Ventral_Orbital_Cortex,rtop_RAS_060622_mean,Eigengene_8,-0.30223679615754495,0.04907115397144379,-6.159154038509611,1.9661282538036655e-9,6.277884509723236e-9,0.09581158869659544
Ventral_Orbital_Cortex,rtop_RAS_060622_mean,Eigengene_10,0.14891800218575135,0.026558406158141434,5.607188974331609,4.1158985879640146e-8,9.74818086623056e-8,0.08073264770457761
Posterolateral_Cortical_Amygdaloid_Area,rtop_RAS_060622_mean,Eigengene_1,-0.12246399836093425,0.026668538031104007,-4.59207768412735,6.085782363738434e-6,1.0205970423660728e-5,0.055626195532422006
Posterolateral_Cortical_Amygdaloid_Area,rtop_RAS_060622_mean,Eigengene_2,0.22249273368021025,0.04061250014693231,5.478429864579917,8.102884390299224e-8,1.8307772262600755e-7,0.07735096193159767
Posterolateral_Cortical_Amygdaloid_Area,rtop_RAS_060622_mean,Eigengene_3,-0.11166593440309493,0.04564819729217951,-2.446228789460337,0.01491650971190805,0.01864563713988506,0.016440378451243246
Posterolateral_Cortical_Amygdaloid_Area,rtop_RAS_060622_mean,Eigengene_4,-0.31904078821276743,0.043879034016227364,-7.27091640382921,2.2637071295463185e-12,1.3890930113125137e-11,0.1286701658337787
Posterolateral_Cortical_Amygdaloid_Area,rtop_RAS_060622_mean,Eigengene_5,-0.28597461337168995,0.04580441698203719,-6.243385075370322,1.2125864236823895e-9,4.118218042694908e-9,0.09819102025567462
Posterolateral_Cortical_Amygdaloid_Area,rtop_RAS_060622_mean,Eigengene_7,-0.11615273593956271,0.023577784487126472,-4.926363458915421,1.2825343670484535e-6,2.35567536804818e-6,0.06348684647479404
Posterolateral_Cortical_Amygdaloid_Area,rtop_RAS_060622_mean,Eigengene_8,-0.280109695910424,0.04943654071331864,-5.6660456388883205,3.007553241949102e-8,7.449902525928968e-8,0.08229617527472027
Posterolateral_Cortical_Amygdaloid_Area,rtop_RAS_060622_mean,Eigengene_10,0.12098093205503839,0.02695201120886815,4.4887534038733055,9.67225973959372e-6,1.5591105251882412e-5,0.05328299709814702
Hippocampus,rtop_RAS_060622_mean,Eigengene_1,-0.12031742298483833,0.026695816959235504,-4.506976623662163,8.918887280761516e-6,1.45945428230643e-5,0.05369323012735873
Hippocampus,rtop_RAS_060622_mean,Eigengene_2,0.17197198956965712,0.0412921517004182,4.164762127615535,3.909964303560129e-5,5.816475823477877e-5,0.04621143833927748
Hippocampus,rtop_RAS_060622_mean,Eigengene_3,-0.1453493058258344,0.04538255128662235,-3.2027574850927296,0.0014832024403650388,0.0019160988464045957,0.02785456148673555
Hippocampus,rtop_RAS_060622_mean,Eigengene_4,-0.32093769541388056,0.04384037660862015,-7.320596222952518,1.6417659933397363e-12,1.0190271682798363e-11,0.1302047718617342
Hippocampus,rtop_RAS_060622_mean,Eigengene_5,-0.2508589530665923,0.04637565935179915,-5.409280570301156,1.159846098818313e-7,2.5460036315523944e-7,0.07555722871036237
Hippocampus,rtop_RAS_060622_mean,Eigengene_7,-0.11033596144739659,0.023655694951985537,-4.664245192176676,4.381059676201117e-6,7.510388016344772e-6,0.05728738980912281
Hippocampus,rtop_RAS_060622_mean,Eigengene_8,-0.3266628887869509,0.048631972622360825,-6.717039658735791,7.30661727212132e-11,3.0824791616761823e-10,0.11192393340237525
Hippocampus,rtop_RAS_060622_mean,Eigengene_10,0.15275802242127673,0.0264974162144785,5.765015773040088,1.7644126737122454e-8,4.625159435944721e-8,0.0849498953324666
Parasubiculum,rtop_RAS_060622_mean,Eigengene_1,-0.13525139982326398,0.026495387991040162,-5.1047148231609745,5.391317307673156e-7,1.0548229515012696e-6,0.06784940225155237
Parasubiculum,rtop_RAS_060622_mean,Eigengene_2,0.19965434253743647,0.0409427134279035,4.876431624127944,1.6274616891581687e-6,2.9690179464372e-6,0.062286162736616
Parasubiculum,rtop_RAS_060622_mean,Eigengene_3,-0.1698159317136417,0.04514462062584299,-3.7615983778237965,1.971715896969742e-4,2.695510340161166e-4,0.038021326654764855
Parasubiculum,rtop_RAS_060622_mean,Eigengene_4,-0.34571409912636997,0.043310981240949155,-7.982134997198084,1.9737848521711963e-14,1.8376617589180101e-13,0.15108440015489064
Parasubiculum,rtop_RAS_060622_mean,Eigengene_5,-0.2601801559288495,0.04623197937155212,-5.627709638773241,3.6905100106286353e-8,9.017535772576756e-8,0.08127652909320822
Parasubiculum,rtop_RAS_060622_mean,Eigengene_7,-0.09655148561745241,0.023823474206177656,-4.052787800043693,6.21130732012522e-5,9.016413851794673e-5,0.04386749028530134
Parasubiculum,rtop_RAS_060622_mean,Eigengene_8,-0.29658846249386006,0.0491673275524032,-6.032226628094684,4.034538953214863e-9,1.2108409729483733e-8,0.09226391373979248
Parasubiculum,rtop_RAS_060622_mean,Eigengene_9,-0.04151386126215337,0.018038227857200606,-2.301437901261549,0.0219406210197635,0.027236632990051243,0.014579316663210013
Parasubiculum,rtop_RAS_060622_mean,Eigengene_10,0.11694107026231713,0.02700177301976304,4.330866353728921,1.9309976272151422e-5,2.953934047297951e-5,0.04978390070055144
Perirhinal_Cortex,rtop_RAS_060622_mean,Eigengene_1,-0.07020424552255701,0.02719073455923004,-2.581917945969055,0.010222021588039237,0.012927146738972337,0.018280549298368552
Perirhinal_Cortex,rtop_RAS_060622_mean,Eigengene_2,0.13064810943174351,0.04171298574156745,3.1320728331741363,0.001878726215555665,0.00240976759239919,0.02667106230564444
Perirhinal_Cortex,rtop_RAS_060622_mean,Eigengene_4,-0.2848774762896807,0.044530893620739455,-6.397299787332455,4.949989735806775e-10,1.8060773360376071e-9,0.1025892058933956
Perirhinal_Cortex,rtop_RAS_060622_mean,Eigengene_5,-0.18836754524379065,0.04719504044299632,-3.9912572057504008,7.975000756580306e-5,1.133289581198254e-4,0.04260189974136132
Perirhinal_Cortex,rtop_RAS_060622_mean,Eigengene_7,-0.11254244308939734,0.023626642262258597,-4.763370175082966,2.77071435119422e-6,4.873569217084296e-6,0.059601548708974036
Perirhinal_Cortex,rtop_RAS_060622_mean,Eigengene_8,-0.27201540346705144,0.04956263684634248,-5.488315811573392,7.69562456956778e-8,1.7460660788094963e-7,0.07760869180366294
Perirhinal_Cortex,rtop_RAS_060622_mean,Eigengene_10,0.11326374752139545,0.027045524137126287,4.187892493675674,3.548898474990525e-5,5.293936951643325e-5,0.046702125548920274
Piriform_Cortex,rtop_RAS_060622_mean,Eigengene_1,-0.13134062292576382,0.02655028860117871,-4.946862344838425,1.162403838481392e-6,2.142314241569801e-6,0.06398241554230179
Piriform_Cortex,rtop_RAS_060622_mean,Eigengene_2,0.1610325620415953,0.04141518359441275,3.8882493826085542,1.2033879718637901e-4,1.6748183113568212e-4,0.04051925578494025
Piriform_Cortex,rtop_RAS_060622_mean,Eigengene_3,-0.18000244754584074,0.04503424313881766,-3.997012828459996,7.791743404487336e-5,1.1101692449665334e-4,0.04271960442772956
Piriform_Cortex,rtop_RAS_060622_mean,Eigengene_4,-0.30886409250944924,0.044081955260106706,-7.006587858614455,1.2180969029214115e-11,5.925876825023083e-11,0.12059249616309066
Piriform_Cortex,rtop_RAS_060622_mean,Eigengene_5,-0.2311548122211689,0.04666081414571063,-4.9539386839528206,1.1235166552392388e-6,2.0848762674542576e-6,0.06415384458956654
Piriform_Cortex,rtop_RAS_060622_mean,Eigengene_7,-0.08698279269339011,0.023926208700462734,-3.635460752781441,3.181499773576834e-4,4.295024694328726e-4,0.03560340722692153
Piriform_Cortex,rtop_RAS_060622_mean,Eigengene_8,-0.3102230836528619,0.048931741813417744,-6.339914994969472,6.926487928070502e-10,2.4287684942584877e-9,0.10094192639084035
Piriform_Cortex,rtop_RAS_060622_mean,Eigengene_10,0.13784476583551047,0.02672487132721489,5.157920655548235,4.1432750438181675e-7,8.255972412036202e-7,0.06917279962001026
Amygdalopiriform_Transition_Area,rtop_RAS_060622_mean,Eigengene_1,-0.09611578755590156,0.02696846367930853,-3.564006785809089,4.147317529468579e-4,5.543444222557012e-4,0.03426509547416979
Amygdalopiriform_Transition_Area,rtop_RAS_060622_mean,Eigengene_2,0.14833700089441831,0.04154742396723854,3.570305610556908,4.0522177383227315e-4,5.429770666735173e-4,0.03438215097677143
Amygdalopiriform_Transition_Area,rtop_RAS_060622_mean,Eigengene_3,-0.1100443935331733,0.04565919557427095,-2.410125543148718,0.016450658782641632,0.020515833123848685,0.01596637202950548
Amygdalopiriform_Transition_Area,rtop_RAS_060622_mean,Eigengene_4,-0.24226370804170272,0.04522994158616663,-5.356268426307187,1.5231828013869409e-7,3.263963145829159e-7,0.07419286840091263
Amygdalopiriform_Transition_Area,rtop_RAS_060622_mean,Eigengene_5,-0.19444100055402683,0.0471261871059428,-4.125965041833546,4.595424537518455e-5,6.743286006141212e-5,0.04539337815713416
Amygdalopiriform_Transition_Area,rtop_RAS_060622_mean,Eigengene_7,-0.1099359694906433,0.02366089627638446,-4.64631467069016,4.755668694059947e-6,8.050348259537215e-6,0.056872784093590444
Amygdalopiriform_Transition_Area,rtop_RAS_060622_mean,Eigengene_8,-0.2944826841584948,0.049202670821881456,-5.985095508830228,5.25345439621081e-9,1.5587172384361745e-8,0.09095841703311659
Amygdalopiriform_Transition_Area,rtop_RAS_060622_mean,Eigengene_10,0.1231338714787324,0.026924762789357907,4.5732574300487965,6.625876607776258e-6,1.1043127679627097e-5,0.05519628673959776
Postsubiculum,rtop_RAS_060622_mean,Eigengene_1,-0.14984300207400836,0.026275188247308793,-5.702832674827967,2.4688134277018177e-8,6.258963619525736e-8,0.08327898425780832
Postsubiculum,rtop_RAS_060622_mean,Eigengene_2,0.21143923261847966,0.04077711517452029,5.185242548756812,3.6162250224659956e-7,7.25933647632579e-7,0.06985623944649004
Postsubiculum,rtop_RAS_060622_mean,Eigengene_3,-0.1745116994087052,0.04509457106682151,-3.86990485285052,1.2936735883097928e-4,1.7958450840290183e-4,0.04015313854581117
Postsubiculum,rtop_RAS_060622_mean,Eigengene_4,-0.33358429866984335,0.04357587828975365,-7.655251294115206,1.812558781388745e-13,1.398259631357032e-12,0.14066843092515643
Postsubiculum,rtop_RAS_060622_mean,Eigengene_5,-0.2824506456151397,0.045865454328674594,-6.158243709766428,1.976371049357315e-9,6.277884509723236e-9,0.09578598136253619
Postsubiculum,rtop_RAS_060622_mean,Eigengene_7,-0.09663003281403709,0.023822584623627335,-4.056236312755042,6.124339711227936e-5,8.91413327240724e-5,0.043938894053610435
Postsubiculum,rtop_RAS_060622_mean,Eigengene_8,-0.3124112683979859,0.04889283854911206,-6.389714274497968,5.175451260474343e-10,1.8742672649777254e-9,0.1023709533817962
Postsubiculum,rtop_RAS_060622_mean,Eigengene_10,0.1279668174784336,0.026861739143957224,4.763906640319707,2.76379377641957e-6,4.873569217084296e-6,0.05961417411406856
Ventral_Orbital_Cortex,volume_percentage_mean,Eigengene_2,0.15656932231294107,0.042581346757179304,3.6769462273182603,2.5973912546189493e-4,0.001078916367303256,0.02451395268953368
Ventral_Orbital_Cortex,volume_percentage_mean,Eigengene_3,-0.14230810729775342,0.042674274277662336,-3.3347516672883173,9.126004507686815e-4,0.003138880531306293,0.020251597402668856
Ventral_Orbital_Cortex,volume_percentage_mean,Eigengene_4,-0.2795832736765375,0.04139377485568999,-6.75423477687747,3.735071221066512e-11,1.0084692296879583e-9,0.0781668069196895
Ventral_Orbital_Cortex,volume_percentage_mean,Eigengene_5,-0.24526258985725635,0.04179624549618256,-5.868053145578765,7.713154664664481e-9,1.0679752612612359e-7,0.06015373798348847
Ventral_Orbital_Cortex,volume_percentage_mean,Eigengene_8,-0.30582042672074167,0.04104748059048107,-7.450406756308,3.7323223595131185e-13,1.8322309764882583e-11,0.09352613339965604
Ventral_Orbital_Cortex,volume_percentage_mean,Eigengene_9,-0.2686979460551455,0.04152755643954601,-6.47035291966442,2.2014127118208512e-10,4.755051457533039e-9,0.0721985862142536
Ventral_Orbital_Cortex,volume_percentage_mean,Eigengene_10,0.17373573476525206,0.04245741129767086,4.092000182186871,4.9324501046214695e-5,2.637151541084746e-4,0.030184105534422034
Posterolateral_Cortical_Amygdaloid_Area,volume_percentage_mean,Eigengene_1,0.10591867162594572,0.04287054159248605,2.47066325013515,0.013795123345876863,0.031699432369248964,0.011218764999004876
Posterolateral_Cortical_Amygdaloid_Area,volume_percentage_mean,Eigengene_2,-0.24067811485739102,0.04184575245105047,-5.751554238125528,1.4844530031493266e-8,1.8641967946526426e-7,0.05792595497130742
Posterolateral_Cortical_Amygdaloid_Area,volume_percentage_mean,Eigengene_3,0.138480994338461,0.04269767094905805,3.2432915252843793,0.0012548641596558795,0.0040576445881088325,0.01917698579296892
Posterolateral_Cortical_Amygdaloid_Area,volume_percentage_mean,Eigengene_4,0.373363170582472,0.039995351561977525,9.335164112857006,2.6359529719515995e-19,4.744715349512879e-17,0.13940005714739617
Posterolateral_Cortical_Amygdaloid_Area,volume_percentage_mean,Eigengene_5,0.3157318174099252,0.040907762314890454,7.718139530086166,5.780388411962224e-14,3.468233047177334e-12,0.09968658052497424
Posterolateral_Cortical_Amygdaloid_Area,volume_percentage_mean,Eigengene_7,0.12244846453665563,0.04278863009377911,2.8617056509705363,0.004377677184144303,0.011645052608068588,0.01499362646738453
Posterolateral_Cortical_Amygdaloid_Area,volume_percentage_mean,Eigengene_8,0.1264313343059561,0.042767094621361,2.9562759739775983,0.0032503940571243788,0.008909709598208956,0.015984882294384384
Hippocampus,volume_percentage_mean,Eigengene_2,0.1366635058840194,0.0427085542513956,3.19990943920921,0.0014557565189388232,0.004517865058775658,0.018676913840511476
Hippocampus,volume_percentage_mean,Eigengene_3,-0.16086776603800568,0.04255155547482404,-3.7805378497428688,1.7400470164554956e-4,7.83021157404973e-4,0.02587843815005871
Hippocampus,volume_percentage_mean,Eigengene_6,0.12236268633451933,0.042789086199129155,2.859670472163756,0.004405436619015466,0.01166144987386447,0.014972627006999951
Hippocampus,volume_percentage_mean,Eigengene_10,0.14456527210207867,0.04266017012895427,3.3887645470021104,7.535281826164899e-4,0.0026770080171901614,0.02089911789794816
Parasubiculum,volume_percentage_mean,Eigengene_4,-0.10647297359894836,0.042867989328807914,-2.4837407880802322,0.013304408948853437,0.030834252499488655,0.011336494107002376
Parasubiculum,volume_percentage_mean,Eigengene_7,-0.19326968287565344,0.04230019355596394,-4.569002329030813,6.082756534473142e-6,4.211139139250637e-5,0.037353170318855704
Parasubiculum,volume_percentage_mean,Eigengene_9,-0.18484945263606384,0.04237008746754846,-4.3627347424675795,1.5401442698958997e-5,9.336067859395535e-5,0.03416932013985252
Parasubiculum,volume_percentage_mean,Eigengene_10,0.1446399300987602,0.04265969974773569,3.390551995304127,7.487344090062263e-4,0.0026770080171901614,0.020920709378974306
Perirhinal_Cortex,volume_percentage_mean,Eigengene_8,-0.19091095709006936,0.042320098278863065,-4.511117999586985,7.92346574797034e-6,5.282310498646894e-5,0.036446993537046175
Perirhinal_Cortex,volume_percentage_mean,Eigengene_10,-0.09794781537452603,0.04290575444857928,-2.2828596451301726,0.022827883044653087,0.04891689223854233,0.00959377453664224
Piriform_Cortex,volume_percentage_mean,Eigengene_1,0.2790561810936383,0.041400385389470905,6.740424719925647,4.077499281589835e-11,1.0484998152659577e-9,0.0778723522065655
Piriform_Cortex,volume_percentage_mean,Eigengene_2,-0.23280326487892572,0.04192848043826436,-5.552389746671264,4.432468317726613e-8,4.884761003208921e-7,0.054197360138287555
Piriform_Cortex,volume_percentage_mean,Eigengene_4,0.1969021089221015,0.04226904356244728,4.658305282711282,4.022885702831413e-6,2.8964777060386173e-5,0.03877044049797116
Piriform_Cortex,volume_percentage_mean,Eigengene_5,0.17748844126142904,0.04242855033236374,4.183231335293679,3.355706725253526e-5,1.868125393440107e-4,0.031502146781411694
Piriform_Cortex,volume_percentage_mean,Eigengene_6,-0.11994721222664516,0.04280179673206099,-2.8023873151287093,0.005255441892561064,0.013513993438014165,0.014387333720943914
Amygdalopiriform_Transition_Area,volume_percentage_mean,Eigengene_2,-0.11736381062590935,0.042815106425267674,-2.741177598863708,0.006325551235726922,0.015671814060561833,0.013774264044634344
Amygdalopiriform_Transition_Area,volume_percentage_mean,Eigengene_3,0.27062235146598096,0.04150432285648247,6.520341324487192,1.618028666452771e-10,3.798849912541289e-9,0.0732364571129771
Amygdalopiriform_Transition_Area,volume_percentage_mean,Eigengene_4,0.2093732374233972,0.04215749474638564,4.966453502110625,9.171584636516024e-7,7.50402379351311e-6,0.04383715254915418
Amygdalopiriform_Transition_Area,volume_percentage_mean,Eigengene_5,0.18742663124749104,0.042349037767258284,4.425758910451514,1.1640221237306141e-5,7.39496408017096e-5,0.03512874210078304
Amygdalopiriform_Transition_Area,volume_percentage_mean,Eigengene_8,0.14421510942511304,0.04266237301216158,3.3803818035157644,7.76393649944612e-4,0.002740212882157454,0.020797997786497293
Postsubiculum,volume_percentage_mean,Eigengene_2,-0.16424364910692302,0.04252757740153089,-3.8620504421446458,1.2612772273117002e-4,5.974471076739631e-4,0.026975976271958066
Postsubiculum,volume_percentage_mean,Eigengene_6,-0.19437977893048292,0.042290737856463555,-4.596273056058175,5.3651146500594525e-6,3.8120551460948745e-5,0.03778349845706346
Postsubiculum,volume_percentage_mean,Eigengene_10,-0.14785245425866764,0.04263922421844813,-3.467522145834406,5.673097244177315e-4,0.0020842326385330755,0.021860348230311404
