Metric,Eigengene,Top_Region,raw_beta,std_beta,FDR_p_value,R2
mrtrixfa_mean,Eigengene_1,Subbrachial_Nucleus_and_Peripeduncular_Nucleus,-443.3834657516947,-2.0778215559587014,3.838621511568758e-6,0.04492182166497837
mrtrixfa_mean,Eigengene_1,Cuneate_Nucleus,307.84191797451115,1.4426351508410182,7.571875670190163e-4,0.02579953873928604
mrtrixfa_mean,Eigengene_1,Perirhinal_Cortex,-324.7780248196219,-1.5220025846652152,0.0036221935429295374,0.019967296880447637
mrtrixfa_mean,Eigengene_1,Brain_Stem_Rest,287.92941216752405,1.3493194613874977,0.005317245769211935,0.018539591627534456
mrtrixfa_mean,Eigengene_1,Medial_Geniculate_Nucleus,-272.80387442676584,-1.278436871505778,0.011772489387805776,0.01566721144858873
mrtrixfa_mean,Eigengene_1,Primary_Auditory_Cortex,-247.0353697709745,-1.1576782989057592,0.01674474892724494,0.014285037951580535
mrtrixfa_mean,Eigengene_1,Secondary_Somatosensory_Cortex,-314.8122247185449,-1.4752999990437918,0.025094136004093326,0.01272842558333469
mrtrixfa_mean,Eigengene_1,Amygdala,-300.99234270042473,-1.4105360847887283,0.0359736266608287,0.011267437469598733
mrtrixfa_mean,Eigengene_10,Medial_Longitudinal_Fasciculus_and_Tectospinal_Tract,-55.58032098841882,-0.2604652585342801,0.0015202317755423054,0.023219652621755113
mrtrixfa_mean,Eigengene_10,Brachium_of_Superior_Colliculus,-53.27760867727482,-0.2496740909629893,0.002880299975518557,0.020819400771467905
mrtrixfa_mean,Eigengene_10,Secondary_Somatosensory_Cortex,84.15341007713252,0.3943669148087303,0.010135744963716511,0.01620741934370674
mrtrixfa_mean,Eigengene_10,Spinal_Trigeminal_Nerve,-56.7247156980692,-0.26582821899606773,0.02910762566353517,0.012105020059366301
mrtrixfa_mean,Eigengene_10,Perirhinal_Cortex,55.06805251372056,0.25806462215204296,0.04695120441659974,0.01022926331639901
mrtrixfa_mean,Eigengene_10,Middle_Cerebellar_Peduncle,-48.965026312408426,-0.22946409827782038,0.04695120441659974,0.010221133180580263
mrtrixfa_mean,Eigengene_2,Dorsal_Tegmentum,577.3370624765107,2.7055663689078004,1.010394147556341e-23,0.19002737891972737
mrtrixfa_mean,Eigengene_2,Primary_Auditory_Cortex,462.37935169179786,2.16684170291878,4.938974186489372e-22,0.17622411983461775
mrtrixfa_mean,Eigengene_2,Vestibular_Nuclei,472.66821919607145,2.2150582746633667,6.03874183353346e-22,0.1743805035106832
mrtrixfa_mean,Eigengene_2,Medial_Parietal_Association_Cortex,361.59246533715395,1.6945255675604034,6.908777936192925e-22,0.17241426875109087
mrtrixfa_mean,Eigengene_2,Internal_Capsule,291.56119988479395,1.3663390559112063,6.908777936192925e-22,0.17249752568962978
mrtrixfa_mean,Eigengene_2,Cerebellar_White_Matter,182.87121034157352,0.8569867217934859,1.521929803844584e-19,0.15523778268047916
mrtrixfa_mean,Eigengene_2,Striatum,429.47852457179323,2.0126590301776526,1.7784459198146887e-19,0.15427355328951842
mrtrixfa_mean,Eigengene_2,Superior_Cerebellar_Peduncle,270.2969244595414,1.2666885879454552,2.0924484905910816e-19,0.1533512497139732
mrtrixfa_mean,Eigengene_2,Fastigial_Medial_Nucleus_of_Cerebellum,344.26725949007374,1.6133347046818056,2.973926362659246e-19,0.1518875598849394
mrtrixfa_mean,Eigengene_2,Dentate_(Lateral)_Nucleus_of_Cerebellum,230.04810257616145,1.078071113070865,1.498755398203214e-18,0.14649474986060138
mrtrixfa_mean,Eigengene_3,Medial_Parietal_Association_Cortex,-195.37213284476294,-0.9155696150514936,9.83916078530264e-8,0.05803081540328932
mrtrixfa_mean,Eigengene_3,Perirhinal_Cortex,-266.2242264540577,-1.2476027618821026,2.600781530478015e-7,0.054468509797597195
mrtrixfa_mean,Eigengene_3,Temporal_Association_Cortex,-261.5435317613376,-1.2256676896914689,4.6391479624327935e-6,0.04423684537735769
mrtrixfa_mean,Eigengene_3,Dorsal_Tegmentum,-248.7726460886096,-1.165819671916403,1.2328055980879225e-5,0.04067818158834099
mrtrixfa_mean,Eigengene_3,Internal_Capsule,-127.57519439942216,-0.5978537979068265,2.5332921708013858e-5,0.03807631118798916
mrtrixfa_mean,Eigengene_3,Ventral_Spinocerebellar_Tract,-167.31270632352596,-0.784075128276212,5.4170224444260484e-5,0.03531182348590623
mrtrixfa_mean,Eigengene_3,Parabrachial_Nucleus,-193.5534902752031,-0.9070469365451822,8.891132277244121e-5,0.03349165127471838
mrtrixfa_mean,Eigengene_3,Periaquaductal_Grey,-224.92115237751037,-1.0540447601237086,1.1707481975154541e-4,0.03246021191224646
mrtrixfa_mean,Eigengene_3,Cingulum,-99.3003755635865,-0.4653499212267973,8.973909262382843e-4,0.02514115990152786
mrtrixfa_mean,Eigengene_3,Cerebellar_White_Matter,-67.80417441248655,-0.31774972695338805,0.0010425010528449707,0.024604729494993125
mrtrixfa_mean,Eigengene_4,Spinal_Trigeminal_Nerve,196.83219509759607,0.922411883778936,1.8159116407082497e-9,0.07249244798026398
mrtrixfa_mean,Eigengene_4,Lateral_Lemniscus,161.8268182927173,0.7583666901307632,3.887721302254415e-8,0.06141149299046158
mrtrixfa_mean,Eigengene_4,Brachium_of_Superior_Colliculus,108.80746465244862,0.5099028560318127,6.1058594799355025e-6,0.0431892632926155
mrtrixfa_mean,Eigengene_4,Parasubiculum,-162.1739336408133,-0.7599933717920978,2.4853559614626514e-5,0.03817459910141391
mrtrixfa_mean,Eigengene_4,Bed_Nucleus_of_the_Stria_Terminalis,-131.89929505276393,-0.6181177685815455,6.037377024491809e-5,0.03487852211938112
mrtrixfa_mean,Eigengene_4,Middle_Cerebellar_Peduncle,115.04426207819667,0.5391302700703574,4.027244984393281e-4,0.028063163372154597
mrtrixfa_mean,Eigengene_4,Amygdalopiriform_Transition_Area,136.2096036438462,0.6383171057133485,5.422595979619368e-4,0.026992376030783558
mrtrixfa_mean,Eigengene_4,Interpeduncular_Nucleus,-119.27049419335398,-0.5589356008227527,0.001065823677907732,0.024481742246426817
mrtrixfa_mean,Eigengene_4,Dentate_(Lateral)_Nucleus_of_Cerebellum,-52.66156699829788,-0.24678714370667407,0.0043276361707802555,0.019321707153459943
mrtrixfa_mean,Eigengene_4,Ventral_Tegmental_Area,-82.76290056500741,-0.387850590089311,0.0071384760942512036,0.017485450172384218
mrtrixfa_mean,Eigengene_5,Spinal_Trigeminal_Nerve,184.5207895541902,0.8647171211227096,2.732033489913397e-15,0.12038473833499533
mrtrixfa_mean,Eigengene_5,Lateral_Lemniscus,158.13334062837683,0.7410579988957238,3.877042455812012e-14,0.110809217184325
mrtrixfa_mean,Eigengene_5,Brachium_of_Superior_Colliculus,115.04451070219682,0.539131435193426,9.804663476914696e-12,0.09123690569219702
mrtrixfa_mean,Eigengene_5,Middle_Cerebellar_Peduncle,146.4426503968086,0.6862720854742441,4.3131621841358937e-11,0.08592552422137104
mrtrixfa_mean,Eigengene_5,Olivary_Complex,192.7518983803155,0.9032904479818205,4.866458908615188e-8,0.06055770026523089
mrtrixfa_mean,Eigengene_5,Cuneate_Nucleus,111.2082027015826,0.5211534002086097,1.5352704537899494e-7,0.05638829453182022
mrtrixfa_mean,Eigengene_5,Ventral_Spinocerebellar_Tract,89.2192447664882,0.4181068630240344,1.01225739976934e-5,0.04142227288113167
mrtrixfa_mean,Eigengene_5,Parvicellular_Reticular_Nucleus_and_Principal_Sensory_Trigeminal_Nucleus,146.13302767091992,0.6848211049488977,5.0711659143089735e-5,0.035600812374954514
mrtrixfa_mean,Eigengene_5,Posterolateral_Cortical_Amygdaloid_Area,103.14720008533166,0.4833772396332723,1.0701013601422744e-4,0.03279744491775726
mrtrixfa_mean,Eigengene_5,Fastigial_Medial_Nucleus_of_Cerebellum,65.07865361077523,0.304977158036304,7.571875670190163e-4,0.02581436225190612
mrtrixfa_mean,Eigengene_6,Parasubiculum,244.36553107299127,1.145166672230188,6.979717492596054e-15,0.11690037080205262
mrtrixfa_mean,Eigengene_6,Hippocampus,221.5310440512875,1.0381577442528767,2.6578956005370646e-13,0.10406424117898067
mrtrixfa_mean,Eigengene_6,Primary_Auditory_Cortex,189.2569848771102,0.8869122851180811,7.799506234917459e-13,0.10022339809774045
mrtrixfa_mean,Eigengene_6,Olivary_Complex,291.1173934552334,1.3642592522260395,1.2423578343945868e-12,0.09859426099248278
mrtrixfa_mean,Eigengene_6,Ventral_Spinocerebellar_Tract,160.0042227409769,0.7498254868209403,3.3092969808780132e-12,0.09508740840291391
mrtrixfa_mean,Eigengene_6,Superior_Cerebellar_Peduncle,115.54713231334856,0.5414868636178294,3.3092969808780132e-12,0.09513060466673906
mrtrixfa_mean,Eigengene_6,Periaquaductal_Grey,218.0838266840698,1.0220030991049465,1.4516243731699897e-11,0.08985360255494236
mrtrixfa_mean,Eigengene_6,Fastigial_Medial_Nucleus_of_Cerebellum,141.78177593465406,0.6644298965449322,2.918696716140586e-11,0.0874517263687373
mrtrixfa_mean,Eigengene_6,Midbrain_Reticular_Nucleus,177.40231993523142,0.8313579393710113,4.541172986168925e-11,0.08568199758481884
mrtrixfa_mean,Eigengene_6,Temporal_Association_Cortex,205.73489481850464,0.9641324773851268,1.9551620844312732e-10,0.08059533857734782
mrtrixfa_mean,Eigengene_7,Cuneate_Nucleus,123.01396961494738,0.5764785958282201,1.732255091030547e-7,0.055935532974086564
mrtrixfa_mean,Eigengene_7,Medial_Parietal_Association_Cortex,81.3446988474488,0.3812044917860187,8.579162911647516e-5,0.03364419107006095
mrtrixfa_mean,Eigengene_7,Perirhinal_Cortex,66.58532340010589,0.3120378429914267,0.03492906944144474,0.011395293475921022
mrtrixfa_mean,Eigengene_7,Vestibular_Nuclei,58.755469563889626,0.27534491161809643,0.04518079079189721,0.010389600404353935
mrtrixfa_mean,Eigengene_7,Interpeduncular_Nucleus,62.26269410987146,0.2917807675444628,0.04695120441659974,0.010220591489043767
mrtrixfa_mean,Eigengene_7,Amygdala,-77.19739083441641,-0.36176902191781013,0.04854301426186911,0.010063336413092679
mrtrixfa_mean,Eigengene_8,Substantia_Nigra,-150.71342301779467,-0.70628614575824,7.212222703866213e-9,0.06754466759321619
mrtrixfa_mean,Eigengene_8,Ventral_Tegmental_Area,-112.21802699644016,-0.5258857252718129,4.859873765345771e-7,0.05229460680339596
mrtrixfa_mean,Eigengene_8,Cerebral_Peduncle,-119.82744223059625,-0.5615456183960742,2.5265918248632202e-6,0.04642744989043775
mrtrixfa_mean,Eigengene_8,Bed_Nucleus_of_the_Stria_Terminalis,-99.37355092179673,-0.46569284185509774,1.2501714479815364e-4,0.03220631049407204
mrtrixfa_mean,Eigengene_8,Inferior_Colliculus,-112.27311036394441,-0.5261438616643833,1.9169980452955353e-4,0.030685546205613094
mrtrixfa_mean,Eigengene_8,Parasubiculum,-98.43011807608643,-0.461271646084766,0.0016693685040646733,0.022876765868126606
mrtrixfa_mean,Eigengene_8,Internal_Capsule,-47.80032794315772,-0.22400598906818614,0.004690241400103114,0.018983862834433228
mrtrixfa_mean,Eigengene_8,Hippocampus,-76.65034183308484,-0.35920539405404844,0.013767895838350473,0.015026683697223483
mrtrixfa_mean,Eigengene_8,Reticular_Nucleus_of_Thalamus,-71.14745646934921,-0.3334173015518739,0.01707188525042763,0.014198303725759188
mrtrixfa_mean,Eigengene_8,Dentate_(Lateral)_Nucleus_of_Cerebellum,-34.99526016419727,-0.1639977841805079,0.018479234496439678,0.013880420566589632
mrtrixfa_mean,Eigengene_9,Bed_Nucleus_of_the_Stria_Terminalis,-63.999106623285094,-0.29991809252181806,0.015378457904347881,0.014620600903096451
mrtrixfa_mean,Eigengene_9,Amygdalopiriform_Transition_Area,73.64083074667556,0.345101965551957,0.017765616309641866,0.014047766789164754
mrtrixfa_mean,Eigengene_9,Cerebellar_Cortex,-75.99371886852619,-0.35612827130301317,0.03341389258798581,0.011594693514032571
mrtrixfa_mean,Eigengene_9,Dentate_(Lateral)_Nucleus_of_Cerebellum,-30.2736041121842,-0.14187075536119237,0.03503676346623112,0.011369214700257018
mrtrixfa_mean,Eigengene_9,Vestibular_Nuclei,-55.579771599946604,-0.26046268394298905,0.04048890679201612,0.010805281892510399
mrtrixfa_mean,Eigengene_9,Cerebellar_White_Matter,-22.433127285551805,-0.10512804162072406,0.04450117548197674,0.010468967636082169
mrtrixfa_mean,Eigengene_9,Interpeduncular_Nucleus,57.45857201871579,0.26926727931247113,0.04804896004833453,0.010116498330173118
msd_RAS_060622_mean,Eigengene_1,Pontine_Reticular_Nucleus,2011879.9946084989,0.5628527799969989,2.321436184413242e-16,0.09710558904799242
msd_RAS_060622_mean,Eigengene_1,Spinal_Trigeminal_Nerve,2045711.2587219898,0.5723175697002197,2.553473800536936e-14,0.1619764793300457
msd_RAS_060622_mean,Eigengene_1,Medial_Longitudinal_Fasciculus_and_Tectospinal_Tract,2189702.958217008,0.6126013483423134,9.64518671136024e-13,0.1429927650161523
msd_RAS_060622_mean,Eigengene_1,Middle_Cerebellar_Peduncle,1610128.949781912,0.4504570640232196,1.6721847644162048e-10,0.11575918131499446
msd_RAS_060622_mean,Eigengene_1,Interpeduncular_Nucleus,1351618.1415314276,0.3781348939768044,3.7458644327311714e-10,0.11166923110735243
msd_RAS_060622_mean,Eigengene_1,Lateral_Lemniscus,1524572.1241752913,0.4265212938632428,7.619722712726135e-10,0.10764103444594329
msd_RAS_060622_mean,Eigengene_1,Cerebellar_White_Matter,2431222.3124686177,0.6801699112426309,6.173849229371341e-9,0.0964849631504282
msd_RAS_060622_mean,Eigengene_1,Brain_Stem_Rest,1826236.0718451594,0.5109161842274126,6.737346349097013e-9,0.09595711403318105
msd_RAS_060622_mean,Eigengene_1,Ventral_Spinocerebellar_Tract,1818751.977341887,0.5088223996039692,8.795523187407145e-9,0.09445306325058754
msd_RAS_060622_mean,Eigengene_1,Olivary_Complex,1825857.5885199227,0.5108102979954503,9.013087278513051e-9,0.09427082344110388
msd_RAS_060622_mean,Eigengene_10,Pontine_Reticular_Nucleus,-533204.8403794059,-0.1491718330713884,1.0295285117763864e-19,0.11929423965344588
msd_RAS_060622_mean,Eigengene_10,Deep_Mesencephalic_Nuclei,-555603.1397552178,-0.15543808409265375,2.047414174152665e-12,0.13900276591784325
msd_RAS_060622_mean,Eigengene_10,Medial_Lemniscus,-506049.9446744243,-0.14157485483260726,1.0952819955887388e-11,0.12986023261724206
msd_RAS_060622_mean,Eigengene_10,Internal_Capsule,-671988.5427464726,-0.18799859853697956,1.9520249630139576e-11,0.12688176771718487
msd_RAS_060622_mean,Eigengene_10,Reticular_Nucleus_of_Thalamus,-527079.235108506,-0.14745810562982523,5.640361081891643e-11,0.12147974887271468
msd_RAS_060622_mean,Eigengene_10,Parvicellular_Reticular_Nucleus_and_Principal_Sensory_Trigeminal_Nucleus,-552134.5246891244,-0.1544676884239654,4.535401388913011e-10,0.11065251670304166
msd_RAS_060622_mean,Eigengene_10,Striatum,-467818.45794996,-0.13087903865870607,6.291361257246628e-10,0.10872622605997707
msd_RAS_060622_mean,Eigengene_10,Superior_Cerebellar_Peduncle,-461094.04751220444,-0.12899778673569137,1.2517924969048472e-9,0.10507276811122583
msd_RAS_060622_mean,Eigengene_10,Midbrain_Reticular_Nucleus,-455387.45337742293,-0.1274012837724509,2.42017585311023e-9,0.10171541374780411
msd_RAS_060622_mean,Eigengene_10,Periaquaductal_Grey,-428528.95913059707,-0.11988722816581861,3.3705045423483453e-9,0.09990760804168572
msd_RAS_060622_mean,Eigengene_2,Pontine_Reticular_Nucleus,-1713504.6866378384,-0.4793779345669526,1.605266563440043e-17,0.10449309856268485
msd_RAS_060622_mean,Eigengene_2,Spinal_Trigeminal_Nerve,-1740332.3425759627,-0.48688336270682037,2.1675295682988104e-15,0.1739020087494961
msd_RAS_060622_mean,Eigengene_2,Medial_Longitudinal_Fasciculus_and_Tectospinal_Tract,-1875873.5935902519,-0.5248030051020479,9.249695221566001e-14,0.15567817276142257
msd_RAS_060622_mean,Eigengene_2,Middle_Cerebellar_Peduncle,-1518411.2664068919,-0.42479770402120204,1.5648321692327546e-13,0.15271788335716407
msd_RAS_060622_mean,Eigengene_2,Superior_Cerebellar_Peduncle,-1635800.5344116536,-0.45763906434853585,3.4132032147118833e-10,0.1121650466219229
msd_RAS_060622_mean,Eigengene_2,Ventral_Spinocerebellar_Tract,-1617801.754490181,-0.4526036430796217,4.379792381944855e-10,0.11086555263072674
msd_RAS_060622_mean,Eigengene_2,Cerebellar_White_Matter,-2129255.5608466007,-0.5956903070552115,5.280384904066498e-10,0.10978494829889798
msd_RAS_060622_mean,Eigengene_2,Olivary_Complex,-1598699.4855799498,-0.4472595046671999,8.237401071464668e-10,0.10721464232144184
msd_RAS_060622_mean,Eigengene_2,Parvicellular_Reticular_Nucleus_and_Principal_Sensory_Trigeminal_Nucleus,-1811357.148350818,-0.5067535883098653,2.7733778673638507e-9,0.10101023319853565
msd_RAS_060622_mean,Eigengene_2,Vestibular_Nuclei,-1762487.8740477853,-0.4930816958651827,4.533550113944288e-9,0.0983374001003108
msd_RAS_060622_mean,Eigengene_3,Lateral_Lemniscus,1174600.1000250112,0.3286115143326318,1.2733546639608398e-8,0.09220919632331921
msd_RAS_060622_mean,Eigengene_3,Pontine_Reticular_Nucleus,1157618.8803747236,0.32386077039486677,1.590336336459413e-8,0.04639632072311634
msd_RAS_060622_mean,Eigengene_3,Interpeduncular_Nucleus,823495.8530239824,0.2303849789414222,5.133574160158326e-6,0.059821953478098405
msd_RAS_060622_mean,Eigengene_3,Brachium_of_Superior_Colliculus,1160960.4124198048,0.32479561273439994,6.797761503316471e-6,0.05833222996982377
msd_RAS_060622_mean,Eigengene_3,Spinal_Trigeminal_Nerve,1012868.4965931656,0.28336473875509666,8.159894377905193e-6,0.05730356847433332
msd_RAS_060622_mean,Eigengene_3,Medial_Longitudinal_Fasciculus_and_Tectospinal_Tract,1123563.7440040354,0.3143333491615977,1.4150950699503501e-5,0.0543314560046049
msd_RAS_060622_mean,Eigengene_3,Thalamus_Rest,959790.8492156435,0.2685154925464772,4.596942501403312e-5,0.04804155239542418
msd_RAS_060622_mean,Eigengene_3,Corpus_Callosum,1443986.9562912206,0.40397641748312707,5.6911397636021675e-5,0.04692872271952719
msd_RAS_060622_mean,Eigengene_3,Postsubiculum,1117073.0148483117,0.3125174729864299,5.923462746569408e-5,0.046710394930760596
msd_RAS_060622_mean,Eigengene_3,Primary_Somatosensory_Cortex,1181754.027569585,0.330612929932545,6.044801220053365e-5,0.04659204945109463
msd_RAS_060622_mean,Eigengene_4,Pontine_Reticular_Nucleus,1723866.657022431,0.482276846953801,5.316822954425118e-37,0.2153520105913456
msd_RAS_060622_mean,Eigengene_4,Olivary_Complex,1651013.5196789608,0.4618951189207327,2.902805193457919e-20,0.23283392909980807
msd_RAS_060622_mean,Eigengene_4,Spinal_Trigeminal_Nerve,1402910.8656299075,0.39248478185769975,4.4106931717519724e-20,0.23010441471321808
msd_RAS_060622_mean,Eigengene_4,Medial_Longitudinal_Fasciculus_and_Tectospinal_Tract,1548880.2706803235,0.43332185248184657,7.14099439872552e-19,0.21611298327856568
msd_RAS_060622_mean,Eigengene_4,Parvicellular_Reticular_Nucleus_and_Principal_Sensory_Trigeminal_Nucleus,1852619.915516524,0.5182974494108407,7.913073274873093e-19,0.2151564792343513
msd_RAS_060622_mean,Eigengene_4,Vestibular_Nuclei,1801967.7693266144,0.5041267725453175,2.403837207709864e-18,0.20930763049767287
msd_RAS_060622_mean,Eigengene_4,Superior_Cerebellar_Peduncle,1559169.1159329743,0.43620030704619867,3.1335322816821026e-18,0.20749511382580796
msd_RAS_060622_mean,Eigengene_4,Fastigial_Medial_Nucleus_of_Cerebellum,1785502.5461982242,0.49952038616247096,7.30217627985019e-18,0.2029208109630321
msd_RAS_060622_mean,Eigengene_4,Cuneate_Nucleus,1858082.3180126953,0.519825636200642,8.330935821575331e-18,0.20182044541109906
msd_RAS_060622_mean,Eigengene_4,Ventral_Tegmental_Area,1432360.139798874,0.4007236459446806,1.9545485031902978e-17,0.19736654797415354
msd_RAS_060622_mean,Eigengene_5,Pontine_Reticular_Nucleus,1007152.0617751167,0.2817654827171477,1.2767602115245106e-21,0.13192994533977936
msd_RAS_060622_mean,Eigengene_5,Spinal_Trigeminal_Nerve,993764.1461664785,0.2780200180080769,3.1335322816821026e-18,0.20722547302712244
msd_RAS_060622_mean,Eigengene_5,Medial_Longitudinal_Fasciculus_and_Tectospinal_Tract,1069302.659875051,0.2991530192564863,2.456515716045222e-16,0.18486647307937537
msd_RAS_060622_mean,Eigengene_5,Middle_Cerebellar_Peduncle,842946.195052433,0.23582649588673865,3.10618027289601e-15,0.17200736636097802
msd_RAS_060622_mean,Eigengene_5,Superior_Cerebellar_Peduncle,984166.796848219,0.2753350195196668,3.519645135340984e-13,0.14837835214461195
msd_RAS_060622_mean,Eigengene_5,Olivary_Complex,970118.8486396158,0.27140490106148274,7.458129100042642e-13,0.14428015221535181
msd_RAS_060622_mean,Eigengene_5,Vestibular_Nuclei,1108261.9867528414,0.3100524593318092,1.129714456572511e-12,0.14209787943628974
msd_RAS_060622_mean,Eigengene_5,Parvicellular_Reticular_Nucleus_and_Principal_Sensory_Trigeminal_Nucleus,1108349.2752286356,0.3100768795563725,2.285128660767692e-12,0.13821231910055767
msd_RAS_060622_mean,Eigengene_5,Ventral_Spinocerebellar_Tract,939591.087753812,0.26286431458132115,3.123538302962771e-12,0.13666587156771132
msd_RAS_060622_mean,Eigengene_5,Cerebellar_White_Matter,1214900.019607712,0.3398860047751859,9.452827007430231e-12,0.13061846490575188
msd_RAS_060622_mean,Eigengene_6,Perirhinal_Cortex,-378595.9354651341,-0.10591773631785693,0.028464477907240337,0.014423354590516994
msd_RAS_060622_mean,Eigengene_6,Pontine_Reticular_Nucleus,-288538.57172878773,-0.08072287495732065,0.03259679648408338,0.006848888897858487
msd_RAS_060622_mean,Eigengene_6,Ventral_Orbital_Cortex,-363465.81809693645,-0.10168486524940643,0.03522335723060389,0.013296753239078491
msd_RAS_060622_mean,Eigengene_7,Pontine_Reticular_Nucleus,509402.06552525505,0.14251265954503353,6.6709557345461076e-18,0.10723741824644945
msd_RAS_060622_mean,Eigengene_7,Internal_Capsule,689280.9586167901,0.1928364041573724,8.077533243720344e-12,0.13148060255882407
msd_RAS_060622_mean,Eigengene_7,Medial_Lemniscus,483697.1710888106,0.13532134031532891,1.3864003319176542e-10,0.11685038494590756
msd_RAS_060622_mean,Eigengene_7,Deep_Mesencephalic_Nuclei,495429.2765196703,0.1386035679703951,6.177483630410837e-10,0.10885566437466491
msd_RAS_060622_mean,Eigengene_7,Dentate_(Lateral)_Nucleus_of_Cerebellum,577142.5523341735,0.16146404900212027,6.638676876256444e-10,0.10842424097299873
msd_RAS_060622_mean,Eigengene_7,Superior_Cerebellar_Peduncle,464576.92769672436,0.1299721732793754,1.2517924969048472e-9,0.10505580552016539
msd_RAS_060622_mean,Eigengene_7,Cerebellar_White_Matter,594239.6885833923,0.1662472222995573,3.7647947383344026e-9,0.09929296112672709
msd_RAS_060622_mean,Eigengene_7,Reticular_Nucleus_of_Thalamus,476837.02067012066,0.13340211315232478,4.8352187535559165e-9,0.09792321022706645
msd_RAS_060622_mean,Eigengene_7,Ventral_Spinocerebellar_Tract,445942.08607910783,0.12475880447140142,4.907209824473434e-9,0.09781622009129745
msd_RAS_060622_mean,Eigengene_7,Fastigial_Medial_Nucleus_of_Cerebellum,512198.6248702765,0.1432950378210677,7.760313966337502e-9,0.09522825207279996
msd_RAS_060622_mean,Eigengene_8,Pontine_Reticular_Nucleus,1336148.6034940286,0.3738070650243081,2.2823110285977806e-29,0.174628560549799
msd_RAS_060622_mean,Eigengene_8,Internal_Capsule,1865851.6884718814,0.5219992309346726,5.967258635366582e-20,0.2280363948458137
msd_RAS_060622_mean,Eigengene_8,Medial_Lemniscus,1336003.868935524,0.3737665734200164,1.8513323206893065e-18,0.21099846103542744
msd_RAS_060622_mean,Eigengene_8,Reticular_Nucleus_of_Thalamus,1432100.0776094238,0.4006508897531104,2.403837207709864e-18,0.20906110953279222
msd_RAS_060622_mean,Eigengene_8,Deep_Mesencephalic_Nuclei,1386787.721314207,0.3879740970133229,8.330935821575331e-18,0.20187776032063223
msd_RAS_060622_mean,Eigengene_8,Cerebral_Peduncle,1295900.6289117201,0.36254710695344206,1.9545485031902978e-17,0.1975122159508936
msd_RAS_060622_mean,Eigengene_8,Midbrain_Reticular_Nucleus,1248443.3119190256,0.34927023016550174,9.185136415879351e-16,0.17821191841748357
msd_RAS_060622_mean,Eigengene_8,Thalamus_Rest,1086514.5209368046,0.3039682884939618,2.1675295682988104e-15,0.17393552933026346
msd_RAS_060622_mean,Eigengene_8,Ventral_Tegmental_Area,1152405.6698482851,0.3224022986940773,2.9022853453270563e-15,0.17244238573010195
msd_RAS_060622_mean,Eigengene_8,Lateral_Geniculate_Nucleus,1238326.9604776567,0.3464400332613833,9.182555787571082e-15,0.16692192532815517
msd_RAS_060622_mean,Eigengene_9,Thalamus_Rest,128601.54350946419,0.03597815797670991,0.006930134693546564,0.021510731474615356
msd_RAS_060622_mean,Eigengene_9,Brain_Stem_Rest,137979.81319912607,0.03860186574284567,0.009902320424901955,0.019715404876857356
msd_RAS_060622_mean,Eigengene_9,Parasubiculum,126151.37791248287,0.03529268840525949,0.011157321278426498,0.019094177144278583
msd_RAS_060622_mean,Eigengene_9,Brachium_of_Superior_Colliculus,129753.41062493493,0.03630040960695985,0.01340493773612307,0.01817231749413434
msd_RAS_060622_mean,Eigengene_9,Cerebral_Peduncle,120163.57941831773,0.03361751441996496,0.02540596649617924,0.014991388417011134
msd_RAS_060622_mean,Eigengene_9,Inferior_Colliculus,113996.9466537104,0.03189230893848409,0.02714523537436374,0.014662077866862173
msd_RAS_060622_mean,Eigengene_9,Interpeduncular_Nucleus,80879.49544764624,0.02262721880999697,0.02858638683316189,0.014391750403940322
msd_RAS_060622_mean,Eigengene_9,Postsubiculum,123522.15914067852,0.03455712609592859,0.02936683212734608,0.01424423600708289
msd_RAS_060622_mean,Eigengene_9,Lateral_Lemniscus,90705.14760601742,0.02537608834865891,0.03256531870305204,0.013713775405806372
msd_RAS_060622_mean,Eigengene_9,Piriform_Cortex,111794.81534736788,0.031276230578435704,0.034002629515420824,0.013486205478348863
ng_RAS_060622_mean,Eigengene_1,Pontine_Reticular_Nucleus,-1018.9666262456024,-1.304531612673478,5.184481049583798e-22,0.13408726384041653
ng_RAS_060622_mean,Eigengene_1,Middle_Cerebellar_Peduncle,-934.1844020746361,-1.19598920434033,3.1259787519087845e-20,0.23079443192040933
ng_RAS_060622_mean,Eigengene_1,Spinal_Trigeminal_Nerve,-1076.4972668890546,-1.3781851921761379,1.6044872625300637e-19,0.22256192201821023
ng_RAS_060622_mean,Eigengene_1,Medial_Longitudinal_Fasciculus_and_Tectospinal_Tract,-1128.2212701918656,-1.4444048265631497,1.165186709767551e-18,0.21187355686261686
ng_RAS_060622_mean,Eigengene_1,Reticular_Nucleus_of_Thalamus,-1136.3059007591228,-1.4547551715892915,1.8035376693375098e-16,0.18814533112729062
ng_RAS_060622_mean,Eigengene_1,Olivary_Complex,-1184.289532723284,-1.5161861970771195,2.248770978147722e-16,0.18668267077554462
ng_RAS_060622_mean,Eigengene_1,Parvicellular_Reticular_Nucleus_and_Principal_Sensory_Trigeminal_Nucleus,-1139.626451602632,-1.4590063054687312,9.95844897666539e-16,0.17975394797867167
ng_RAS_060622_mean,Eigengene_1,Medial_Lemniscus,-1172.1924466396213,-1.500698907492839,9.973982910472786e-16,0.17933502151255715
ng_RAS_060622_mean,Eigengene_1,Ventral_Spinocerebellar_Tract,-1146.5472890307633,-1.4678667047974363,9.973982910472786e-16,0.17934838369394676
ng_RAS_060622_mean,Eigengene_1,Brain_Stem_Rest,-1029.6871798301274,-1.3182565970803692,2.5513802069150814e-15,0.1746918601816132
ng_RAS_060622_mean,Eigengene_10,Pontine_Reticular_Nucleus,191.35618475155275,0.244983678424046,4.777354564326373e-14,0.08270729934585148
ng_RAS_060622_mean,Eigengene_10,Deep_Mesencephalic_Nuclei,264.07446684505976,0.3380812297735077,8.134709361085911e-14,0.15638443321816584
ng_RAS_060622_mean,Eigengene_10,Dorsal_Tegmentum,179.75235050373115,0.23012787430386394,3.8187708884490684e-10,0.11189208537054404
ng_RAS_060622_mean,Eigengene_10,Midbrain_Reticular_Nucleus,186.73850718655146,0.23907189858207584,6.41229685436181e-9,0.0968503493184031
ng_RAS_060622_mean,Eigengene_10,Vestibular_Nuclei,215.33863327390196,0.2756871984814105,6.443661109973793e-9,0.09675684076961817
ng_RAS_060622_mean,Eigengene_10,Accumbens,106.87934978774383,0.1368322445003131,8.848157125167438e-9,0.09505135032774693
ng_RAS_060622_mean,Eigengene_10,Superior_Cerebellar_Peduncle,205.09867683408123,0.2625774983753671,9.096859814187329e-9,0.09487954532155808
ng_RAS_060622_mean,Eigengene_10,Medial_Lemniscus,202.9933213002135,0.2598821178014541,1.0436637617556167e-8,0.09406368645324395
ng_RAS_060622_mean,Eigengene_10,Medial_Parietal_Association_Cortex,93.12091291323358,0.1192180112354792,2.2438055537844722e-8,0.08995000540653554
ng_RAS_060622_mean,Eigengene_10,Parabrachial_Nucleus,134.1762708667067,0.17177911671276694,2.6122932262457275e-8,0.08900864697864116
ng_RAS_060622_mean,Eigengene_2,Medial_Longitudinal_Fasciculus_and_Tectospinal_Tract,931.336329374261,1.1923429604132663,7.43129656920318e-19,0.21417965326854557
ng_RAS_060622_mean,Eigengene_2,Spinal_Trigeminal_Nerve,840.7316737857539,1.0763463866038787,1.1045960924916247e-17,0.20138019199294893
ng_RAS_060622_mean,Eigengene_2,Middle_Cerebellar_Peduncle,662.7232352199084,0.8484511548558081,3.588060762405604e-15,0.17230640839650446
ng_RAS_060622_mean,Eigengene_2,Cuneate_Nucleus,805.6839764110655,1.0314765861618795,2.2362074683009594e-14,0.16307484720025364
ng_RAS_060622_mean,Eigengene_2,Pontine_Reticular_Nucleus,655.8105775073581,0.8396012276046735,5.276121386558446e-14,0.08239509800580566
ng_RAS_060622_mean,Eigengene_2,Ventral_Spinocerebellar_Tract,874.4192272801148,1.1194748633911247,1.1036651146717533e-13,0.15474971306738716
ng_RAS_060622_mean,Eigengene_2,Parvicellular_Reticular_Nucleus_and_Principal_Sensory_Trigeminal_Nucleus,855.3455170897258,1.095055753605361,2.7313260223878327e-13,0.15021506655406586
ng_RAS_060622_mean,Eigengene_2,Brain_Stem_Rest,765.8541490002281,0.9804844656679895,1.0593390490870176e-12,0.14336103539244416
ng_RAS_060622_mean,Eigengene_2,Olivary_Complex,846.4586676458375,1.0836783681856474,1.4736441502326463e-12,0.1414740116351329
ng_RAS_060622_mean,Eigengene_2,Posterolateral_Cortical_Amygdaloid_Area,416.9033356537434,0.5337403274857001,5.769564951038831e-11,0.12189447548326887
ng_RAS_060622_mean,Eigengene_3,Medial_Lemniscus,-839.5491480180348,-1.0748324584662312,7.515560333203962e-12,0.13276138642748744
ng_RAS_060622_mean,Eigengene_3,Reticular_Nucleus_of_Thalamus,-748.2580561612284,-0.9579570749009536,1.2378806703896056e-10,0.11773835970820345
ng_RAS_060622_mean,Eigengene_3,Lateral_Lemniscus,-629.0323482245697,-0.8053184103552687,1.2290306443790516e-9,0.10583611445479797
ng_RAS_060622_mean,Eigengene_3,Deep_Mesencephalic_Nuclei,-731.2830019397182,-0.9362247685737086,4.414900583550683e-9,0.09895384791532495
ng_RAS_060622_mean,Eigengene_3,Pontine_Reticular_Nucleus,-498.87458299301255,-0.6386839838627076,1.9073034916017103e-8,0.046383404340993827
ng_RAS_060622_mean,Eigengene_3,Midbrain_Reticular_Nucleus,-623.7097264991148,-0.7985041260359248,2.5548911909893612e-8,0.08914961907419217
ng_RAS_060622_mean,Eigengene_3,Middle_Cerebellar_Peduncle,-479.5694906583635,-0.6139686471799694,3.288411310123494e-8,0.08777593264730128
ng_RAS_060622_mean,Eigengene_3,Superior_Cerebellar_Peduncle,-655.0588979643538,-0.8386388901726122,1.4082857221455417e-7,0.07985987210296806
ng_RAS_060622_mean,Eigengene_3,Thalamus_Rest,-390.8576382027307,-0.5003953338187664,2.1388287456027373e-7,0.07759059134717708
ng_RAS_060622_mean,Eigengene_3,Lateral_Geniculate_Nucleus,-444.7241665624626,-0.569357935046599,2.7356674156902987e-7,0.07625855111037858
ng_RAS_060622_mean,Eigengene_4,Inferior_Colliculus,-575.928507250061,-0.7373322393450624,4.3087153159986616e-19,0.21733523378393005
ng_RAS_060622_mean,Eigengene_4,Interpeduncular_Nucleus,-453.15945418363697,-0.5801572086247354,1.5358706789131542e-16,0.18936214439247528
ng_RAS_060622_mean,Eigengene_4,Medial_Parietal_Association_Cortex,-315.6667658162394,-0.4041322497430072,1.1454836049462115e-15,0.178515014642223
ng_RAS_060622_mean,Eigengene_4,Postsubiculum,-378.45509835869956,-0.48451698718086345,1.2569583214524289e-14,0.16626904927298086
ng_RAS_060622_mean,Eigengene_4,Primary_Auditory_Cortex,-307.6663628005124,-0.3938897370057678,2.1712934908177734e-14,0.16334056856358584
ng_RAS_060622_mean,Eigengene_4,Dorsal_Tegmentum,-517.9555946931066,-0.6631124414033457,3.8392931756628185e-14,0.16045215462182427
ng_RAS_060622_mean,Eigengene_4,Parasubiculum,-344.9022315010001,-0.4415609429059278,9.426542535128452e-14,0.1555901260065073
ng_RAS_060622_mean,Eigengene_4,Primary_Somatosensory_Cortex,-294.5301776988092,-0.3770721413223404,2.3511891145967365e-13,0.15101607075334056
ng_RAS_060622_mean,Eigengene_4,Secondary_Somatosensory_Cortex,-313.1358686201917,-0.40089206962755447,2.3511891145967365e-13,0.15103968452999272
ng_RAS_060622_mean,Eigengene_4,Cuneate_Nucleus,-540.6341486471185,-0.6921466509649752,3.1051931716650846e-13,0.14951647607311097
ng_RAS_060622_mean,Eigengene_5,Pontine_Reticular_Nucleus,-452.83393416078684,-0.5797404617466485,1.4444897471707988e-23,0.14356836180337032
ng_RAS_060622_mean,Eigengene_5,Medial_Longitudinal_Fasciculus_and_Tectospinal_Tract,-545.3641959670869,-0.6982022921404675,1.4444897471707988e-23,0.2683951375317189
ng_RAS_060622_mean,Eigengene_5,Spinal_Trigeminal_Nerve,-486.55913934302083,-0.6229171420921277,1.1320101136291589e-21,0.24649577336274825
ng_RAS_060622_mean,Eigengene_5,Parvicellular_Reticular_Nucleus_and_Principal_Sensory_Trigeminal_Nucleus,-563.302733380077,-0.7211680974353827,6.702087738342297e-21,0.23809502477807962
ng_RAS_060622_mean,Eigengene_5,Cuneate_Nucleus,-496.96817807469665,-0.6362433097341876,6.906672454129703e-20,0.22675191575683934
ng_RAS_060622_mean,Eigengene_5,Olivary_Complex,-549.1443857743667,-0.7030418786180722,4.3087153159986616e-19,0.2176078345664506
ng_RAS_060622_mean,Eigengene_5,Ventral_Spinocerebellar_Tract,-541.0012431906265,-0.6926166236063799,4.768887631036628e-19,0.21648273062359308
ng_RAS_060622_mean,Eigengene_5,Middle_Cerebellar_Peduncle,-383.7189893279516,-0.49125608147324534,1.2902835256232712e-18,0.2111056685531093
ng_RAS_060622_mean,Eigengene_5,Brain_Stem_Rest,-460.13206479623767,-0.5890838905520049,1.5358706789131542e-16,0.18912122096123943
ng_RAS_060622_mean,Eigengene_5,Vestibular_Nuclei,-538.0044944319662,-0.6887800372156077,2.104269717482088e-16,0.18721108737159736
ng_RAS_060622_mean,Eigengene_6,Spinal_Trigeminal_Nerve,-259.3418570874862,-0.33202230803830796,9.9784083770179e-5,0.04429375672370106
ng_RAS_060622_mean,Eigengene_6,Pontine_Reticular_Nucleus,-197.75984221368952,-0.2531819583096838,6.380708231773345e-4,0.01731873255514979
ng_RAS_060622_mean,Eigengene_6,Medial_Longitudinal_Fasciculus_and_Tectospinal_Tract,-224.99410496198968,-0.28804861221955586,0.0018236376818699647,0.028893672971521733
ng_RAS_060622_mean,Eigengene_6,Dentate_(Lateral)_Nucleus_of_Cerebellum,-323.48964605570643,-0.4141474890174705,0.004250124560247811,0.024496728397484572
ng_RAS_060622_mean,Eigengene_6,Posterolateral_Cortical_Amygdaloid_Area,-99.94736087297707,-0.12795756848532472,0.021294777858210222,0.016193894156407783
ng_RAS_060622_mean,Eigengene_6,Superior_Cerebellar_Peduncle,-185.92692962355213,-0.23803287673406126,0.025376488280733047,0.015286657363852115
ng_RAS_060622_mean,Eigengene_6,Ventral_Spinocerebellar_Tract,-176.036780834333,-0.2253710177317528,0.029684399718045915,0.014497484155813749
ng_RAS_060622_mean,Eigengene_6,Internal_Capsule,-266.63631076584113,-0.3413610294208368,0.034773335659066276,0.01369414195675154
ng_RAS_060622_mean,Eigengene_6,Olivary_Complex,-169.94400083961634,-0.2175707385985042,0.038632775327119874,0.013181723070206314
ng_RAS_060622_mean,Eigengene_6,Parvicellular_Reticular_Nucleus_and_Principal_Sensory_Trigeminal_Nucleus,-165.01649037880526,-0.21126229531652319,0.040596096450278944,0.012923506665062225
ng_RAS_060622_mean,Eigengene_7,Pontine_Reticular_Nucleus,-112.94335770383164,-0.1445956881914832,1.103747575626567e-5,0.028377482345907337
ng_RAS_060622_mean,Eigengene_7,Perirhinal_Cortex,-79.57087368417042,-0.1018705789722583,3.814466011681052e-5,0.049467375128736314
ng_RAS_060622_mean,Eigengene_7,Cingulum,-139.58673549498462,-0.17870586187305293,5.002575567561485e-5,0.04802526774953992
ng_RAS_060622_mean,Eigengene_7,Medial_Longitudinal_Fasciculus_and_Tectospinal_Tract,-123.0311485712314,-0.15751057838474655,1.1718346779240444e-4,0.04340134734001902
ng_RAS_060622_mean,Eigengene_7,Medial_Parietal_Association_Cortex,-64.59602982580746,-0.08269904115647969,1.3510850112684138e-4,0.04262967642783306
ng_RAS_060622_mean,Eigengene_7,Parabrachial_Nucleus,-89.16129300321988,-0.11414870944115423,2.8194580976019707e-4,0.03871035194859517
ng_RAS_060622_mean,Eigengene_7,Temporal_Association_Cortex,-61.13488968849714,-0.07826791789030316,8.711445064566775e-4,0.03279633329033607
ng_RAS_060622_mean,Eigengene_7,Dorsal_Tegmentum,-97.35815858791604,-0.12464274330315654,9.475923942810074e-4,0.03232872326770265
ng_RAS_060622_mean,Eigengene_7,Periaquaductal_Grey,-81.43226606702413,-0.10425362582038575,0.0010007010232680202,0.03202509018277092
ng_RAS_060622_mean,Eigengene_7,Accumbens,-60.09398651304287,-0.07693530201934434,0.0015946587521286123,0.02959554587742701
ng_RAS_060622_mean,Eigengene_8,Deep_Mesencephalic_Nuclei,-505.0715501214841,-0.6466176485319566,6.827289326897553e-12,0.13335857687838865
ng_RAS_060622_mean,Eigengene_8,Periaquaductal_Grey,-339.97650369963196,-0.4352547818729733,8.352780991047849e-12,0.13212224081117604
ng_RAS_060622_mean,Eigengene_8,Midbrain_Reticular_Nucleus,-431.69983686120435,-0.552683542194521,7.367170873110322e-11,0.12066231079082392
ng_RAS_060622_mean,Eigengene_8,Pontine_Reticular_Nucleus,-342.9757737059508,-0.4390945960900543,7.640185664597158e-11,0.06193842604214315
ng_RAS_060622_mean,Eigengene_8,Medial_Parietal_Association_Cortex,-222.51100830401927,-0.28486962872371624,8.559603399582719e-11,0.11972481933379954
ng_RAS_060622_mean,Eigengene_8,Parabrachial_Nucleus,-312.3810810685485,-0.39992575316869466,3.4933563598699496e-10,0.11246688187586815
ng_RAS_060622_mean,Eigengene_8,Thalamus_Rest,-276.71472606651844,-0.354263916548572,5.622255537642773e-10,0.10987270314334958
ng_RAS_060622_mean,Eigengene_8,Dorsal_Tegmentum,-358.51845236958246,-0.45899310418647554,1.7820031193216245e-9,0.10376423316183724
ng_RAS_060622_mean,Eigengene_8,Superior_Cerebellar_Peduncle,-429.10701616464996,-0.5493640845424952,6.41229685436181e-9,0.09681720742463687
ng_RAS_060622_mean,Eigengene_8,Accumbens,-212.97110858183277,-0.2726561759483481,3.1748891790550623e-8,0.08798051724748099
ng_RAS_060622_mean,Eigengene_9,Brachium_of_Superior_Colliculus,-65.06246476277622,-0.0832961942965911,0.013931437425936399,0.018383046884333145
ng_RAS_060622_mean,Eigengene_9,Parasubiculum,-34.05246441314472,-0.04359565384399418,0.014734038503336109,0.018071610647366305
ng_RAS_060622_mean,Eigengene_9,Subbrachial_Nucleus_and_Peripeduncular_Nucleus,-41.1244126972671,-0.05264951278520519,0.023841602638429153,0.01559946521525638
ng_RAS_060622_mean,Eigengene_9,Postsubiculum,-33.093739689605336,-0.04236824690298624,0.02604773865353616,0.015149005653395005
ng_RAS_060622_mean,Eigengene_9,Inferior_Colliculus,-42.12848476213185,-0.053934975641672905,0.03377428097058788,0.013856527468839246
ng_RAS_060622_mean,Eigengene_9,Lateral_Geniculate_Nucleus,-35.53826532968017,-0.04549784986870707,0.04740928587377931,0.012145028401103874
qiv_RAS_060622_mean,Eigengene_1,Pontine_Reticular_Nucleus,297339826882.9128,1.3098597689238733,2.1771676918303736e-16,0.09767970514769664
qiv_RAS_060622_mean,Eigengene_1,Spinal_Trigeminal_Nerve,343218239524.4241,1.5119661857170252,9.218479070410375e-15,0.16715224560681072
qiv_RAS_060622_mean,Eigengene_1,Medial_Longitudinal_Fasciculus_and_Tectospinal_Tract,360795648668.28796,1.589399274048414,1.2529004209497852e-11,0.129735861587081
qiv_RAS_060622_mean,Eigengene_1,Interpeduncular_Nucleus,55166799558.89348,0.2430241924871263,1.6890906523881873e-11,0.12807274880864353
qiv_RAS_060622_mean,Eigengene_1,Thalamus_Rest,108641285177.73244,0.47859329908917386,4.7202073254757415e-11,0.12280521019303396
qiv_RAS_060622_mean,Eigengene_1,Periaquaductal_Grey,154528886332.74194,0.6807401936894741,6.147071693467133e-11,0.12142617670685797
qiv_RAS_060622_mean,Eigengene_1,Olivary_Complex,258692400421.5371,1.139607739033057,9.074418683745721e-10,0.10727377778563837
qiv_RAS_060622_mean,Eigengene_1,Brain_Stem_Rest,106638242963.3161,0.46976937381947464,4.045257575656557e-9,0.09926882327715587
qiv_RAS_060622_mean,Eigengene_1,Parvicellular_Reticular_Nucleus_and_Principal_Sensory_Trigeminal_Nucleus,292505183930.1589,1.28856190120359,5.815462053807817e-9,0.09722578252669582
qiv_RAS_060622_mean,Eigengene_1,Inferior_Colliculus,169452885758.34097,0.7464843176568712,5.220617483002002e-8,0.08548121491166846
qiv_RAS_060622_mean,Eigengene_10,Pontine_Reticular_Nucleus,-81696442092.41202,-0.35989421223147455,3.283571233758308e-21,0.12897207357938303
qiv_RAS_060622_mean,Eigengene_10,Frontal_Association_Cortex,-47215094404.03798,-0.20799484984615116,1.8919428653540277e-16,0.18745820049205747
qiv_RAS_060622_mean,Eigengene_10,Internal_Capsule,-194634457455.5921,-0.8574157324972047,1.0529582582404826e-15,0.17853396408181454
qiv_RAS_060622_mean,Eigengene_10,Medial_Lemniscus,-91012905401.08148,-0.40093567177832146,5.02577658506285e-14,0.15819703960311968
qiv_RAS_060622_mean,Eigengene_10,Deep_Mesencephalic_Nuclei,-85591475891.5422,-0.3770528556784846,5.490303764675425e-14,0.15768733959472245
qiv_RAS_060622_mean,Eigengene_10,Periaquaductal_Grey,-40643579502.482994,-0.1790456065487834,4.636445645845345e-13,0.1469156614269882
qiv_RAS_060622_mean,Eigengene_10,Spinal_Trigeminal_Nerve,-76527276187.30913,-0.3371226833415573,6.366458572781858e-13,0.14534337239359313
qiv_RAS_060622_mean,Eigengene_10,Reticular_Nucleus_of_Thalamus,-80524809700.53412,-0.35473286485942196,3.728985305543163e-12,0.13593657626188022
qiv_RAS_060622_mean,Eigengene_10,Dorsal_Tegmentum,-50656636250.67964,-0.22315574253665169,4.213614079238824e-11,0.12340591470246799
qiv_RAS_060622_mean,Eigengene_10,Superior_Cerebellar_Peduncle,-82768213983.23062,-0.3646156479569355,7.836781380166078e-11,0.12009811412134248
qiv_RAS_060622_mean,Eigengene_2,Pontine_Reticular_Nucleus,-242199299150.5803,-1.066951310709644,3.864689414373869e-16,0.09614370794901486
qiv_RAS_060622_mean,Eigengene_2,Spinal_Trigeminal_Nerve,-255159841407.6717,-1.1240458918963296,3.005114141174744e-12,0.1370481178777319
qiv_RAS_060622_mean,Eigengene_2,Medial_Longitudinal_Fasciculus_and_Tectospinal_Tract,-301050978056.0604,-1.326208361270415,5.263088605343672e-12,0.13399681472697986
qiv_RAS_060622_mean,Eigengene_2,Olivary_Complex,-215976431858.70364,-0.9514327162060408,4.5747335856292583e-10,0.1109215396927164
qiv_RAS_060622_mean,Eigengene_2,Parvicellular_Reticular_Nucleus_and_Principal_Sensory_Trigeminal_Nucleus,-242017082975.02313,-1.0661486007595133,4.4051885290399755e-9,0.09873776413652866
qiv_RAS_060622_mean,Eigengene_2,Superior_Cerebellar_Peduncle,-246439756215.14935,-1.0856316340587122,2.118854153110204e-8,0.09030592979882593
qiv_RAS_060622_mean,Eigengene_2,Vestibular_Nuclei,-225490160886.2995,-0.9933431828809239,3.3624320890714833e-8,0.0879135745046196
qiv_RAS_060622_mean,Eigengene_2,Ventral_Spinocerebellar_Tract,-236949843640.9008,-1.043826085095003,8.386794443132447e-8,0.08285762945558381
qiv_RAS_060622_mean,Eigengene_2,Interpeduncular_Nucleus,-36201495567.36957,-0.15947706405723472,1.0222256980382495e-7,0.08181465599086139
qiv_RAS_060622_mean,Eigengene_2,Fastigial_Medial_Nucleus_of_Cerebellum,-224929441537.39807,-0.9908730673754287,3.3201285410475796e-7,0.07539134362994349
qiv_RAS_060622_mean,Eigengene_3,Thalamus_Rest,82177955013.5042,0.36201540268943666,2.6600904179489662e-9,0.10140279359513099
qiv_RAS_060622_mean,Eigengene_3,Pontine_Reticular_Nucleus,175731724324.8487,0.7741442450875642,6.816854333824791e-9,0.04923917513822835
qiv_RAS_060622_mean,Eigengene_3,Periaquaductal_Grey,103666419844.67558,0.4566777150791287,1.775768382111963e-7,0.07886447715651577
qiv_RAS_060622_mean,Eigengene_3,Lateral_Lemniscus,42717617306.092636,0.18818228597264416,3.3201285410475796e-7,0.0754027610552605
qiv_RAS_060622_mean,Eigengene_3,Brachium_of_Superior_Colliculus,197266403582.12503,0.8690101441213096,1.6847658180683192e-6,0.06668077463775396
qiv_RAS_060622_mean,Eigengene_3,Inferior_Colliculus,120700362442.06903,0.531716691015809,3.6135417366361124e-6,0.0625895966064515
qiv_RAS_060622_mean,Eigengene_3,Spinal_Trigeminal_Nerve,174176001222.78058,0.7672908775977549,3.945762235302502e-6,0.06212413927781154
qiv_RAS_060622_mean,Eigengene_3,Internal_Capsule,397979480587.36505,1.7532037868707226,4.36592360098962e-6,0.0615919259175387
qiv_RAS_060622_mean,Eigengene_3,Brain_Stem_Rest,69485590200.81163,0.30610221334330184,4.995311543077411e-6,0.06082591773149536
qiv_RAS_060622_mean,Eigengene_3,Interpeduncular_Nucleus,31466172903.29519,0.13861672820660884,5.70805344086508e-6,0.060131392012343514
qiv_RAS_060622_mean,Eigengene_4,Pontine_Reticular_Nucleus,247068408506.82,1.0884010119591847,1.0761195932866528e-34,0.20372021031691884
qiv_RAS_060622_mean,Eigengene_4,Olivary_Complex,214204229584.5269,0.9436257012976319,1.7276744236674267e-19,0.2221691874188158
qiv_RAS_060622_mean,Eigengene_4,Parvicellular_Reticular_Nucleus_and_Principal_Sensory_Trigeminal_Nucleus,244974371215.65634,1.0791762295575975,5.279274479857774e-18,0.2059952114199069
qiv_RAS_060622_mean,Eigengene_4,Medial_Longitudinal_Fasciculus_and_Tectospinal_Tract,261234622973.37726,1.1508068948246466,5.482454775984888e-18,0.20544730043621967
qiv_RAS_060622_mean,Eigengene_4,Superior_Cerebellar_Peduncle,260123541469.57022,1.1459122899643153,5.771102386595606e-18,0.20487011956037277
qiv_RAS_060622_mean,Eigengene_4,Vestibular_Nuclei,238226945477.95813,1.0494520529806979,1.5776509367514487e-17,0.19980533830757755
qiv_RAS_060622_mean,Eigengene_4,Fastigial_Medial_Nucleus_of_Cerebellum,254677974492.60687,1.1219231420022584,2.728808174279151e-17,0.19680504400638382
qiv_RAS_060622_mean,Eigengene_4,Cuneate_Nucleus,239384416906.50204,1.054551017602497,6.104821618991147e-17,0.19274684587353733
qiv_RAS_060622_mean,Eigengene_4,Ventral_Tegmental_Area,192095171490.80774,0.8462295131402736,4.113231433251218e-16,0.18314523644479622
qiv_RAS_060622_mean,Eigengene_4,Dentate_(Lateral)_Nucleus_of_Cerebellum,275083761757.9018,1.2118159763131977,1.2190274221399985e-15,0.1776986997140746
qiv_RAS_060622_mean,Eigengene_5,Pontine_Reticular_Nucleus,144995338018.82867,0.6387424178704788,9.302402552836277e-21,0.12592717381648053
qiv_RAS_060622_mean,Eigengene_5,Spinal_Trigeminal_Nerve,147214761776.80304,0.6485195604794609,9.854860868632517e-15,0.16671989397347478
qiv_RAS_060622_mean,Eigengene_5,Medial_Longitudinal_Fasciculus_and_Tectospinal_Tract,174477407833.58252,0.7686186526143627,1.5196611770373545e-14,0.16448604809932033
qiv_RAS_060622_mean,Eigengene_5,Olivary_Complex,131958771002.31198,0.5813129277183271,1.909312294378805e-13,0.15132684079482944
qiv_RAS_060622_mean,Eigengene_5,Parvicellular_Reticular_Nucleus_and_Principal_Sensory_Trigeminal_Nucleus,150094631714.0372,0.6612061413861016,2.2065256125806273e-12,0.13878989249742588
qiv_RAS_060622_mean,Eigengene_5,Vestibular_Nuclei,147818633483.5952,0.6511797734169994,2.4940287882979944e-12,0.13806874829434868
qiv_RAS_060622_mean,Eigengene_5,Superior_Cerebellar_Peduncle,157485737021.1318,0.6937658949553946,4.587850680467118e-12,0.13477627774887294
qiv_RAS_060622_mean,Eigengene_5,Fastigial_Medial_Nucleus_of_Cerebellum,142979264772.6425,0.6298610874948379,4.246380802701716e-10,0.11132975884688233
qiv_RAS_060622_mean,Eigengene_5,Ventral_Spinocerebellar_Tract,141766063493.79437,0.6245166182946313,7.478510974028632e-10,0.10839281304765845
qiv_RAS_060622_mean,Eigengene_5,Cuneate_Nucleus,131935311659.66513,0.5812095831732623,1.3611054620612742e-9,0.10508223987247338
qiv_RAS_060622_mean,Eigengene_6,Middle_Cerebellar_Peduncle,37068907948.28214,0.16329824264852763,0.0034099568179983375,0.02559504284632385
qiv_RAS_060622_mean,Eigengene_6,Periaquaductal_Grey,32923717284.893883,0.1450375927335427,0.012436989602475225,0.018900921656820877
qiv_RAS_060622_mean,Eigengene_6,Perirhinal_Cortex,-35209252153.673225,-0.1551059720908284,0.0384769418703732,0.013200920247422303
qiv_RAS_060622_mean,Eigengene_7,Pontine_Reticular_Nucleus,73679274329.69855,0.3245764896674306,2.728808174279151e-17,0.1033174586374115
qiv_RAS_060622_mean,Eigengene_7,Internal_Capsule,165513394508.4212,0.7291298275019794,2.0205043862738094e-11,0.12715730688594318
qiv_RAS_060622_mean,Eigengene_7,Superior_Cerebellar_Peduncle,82116626442.45299,0.36174523428062483,1.5422313352458045e-10,0.11642998940892216
qiv_RAS_060622_mean,Eigengene_7,Medial_Lemniscus,78532738364.1931,0.3459572691793748,1.6663026772456953e-10,0.11600788710896458
qiv_RAS_060622_mean,Eigengene_7,Deep_Mesencephalic_Nuclei,71042535420.28648,0.31296096458018746,9.52227290390944e-10,0.10699570391112616
qiv_RAS_060622_mean,Eigengene_7,Dentate_(Lateral)_Nucleus_of_Cerebellum,87895082300.84453,0.38720084490217027,1.849759641841786e-9,0.10345866016814126
qiv_RAS_060622_mean,Eigengene_7,Frontal_Association_Cortex,35088769061.18705,0.1545752125308406,2.4071014866099606e-9,0.10197004823967479
qiv_RAS_060622_mean,Eigengene_7,Cerebellar_White_Matter,91162634458.65941,0.40159526746994506,2.9536303390519267e-9,0.1008510989182436
qiv_RAS_060622_mean,Eigengene_7,Dorsal_Tegmentum,45700597655.23312,0.201323095233855,4.273738977370509e-9,0.09892377439070792
qiv_RAS_060622_mean,Eigengene_7,Reticular_Nucleus_of_Thalamus,66604323670.936,0.2934094800805055,1.673764896467409e-8,0.09159576580310236
qiv_RAS_060622_mean,Eigengene_8,Pontine_Reticular_Nucleus,200167150080.25333,0.881788691743325,1.7395589150479318e-30,0.18048846463932797
qiv_RAS_060622_mean,Eigengene_8,Internal_Capsule,510124755907.05975,2.247233079737714,9.379142185647155e-26,0.28589636476060987
qiv_RAS_060622_mean,Eigengene_8,Medial_Lemniscus,228030103371.4025,1.0045322943817054,2.6484205942078382e-20,0.2315001124335173
qiv_RAS_060622_mean,Eigengene_8,Reticular_Nucleus_of_Thalamus,216771604742.54053,0.9549356609033476,3.5093229862941374e-20,0.22964454916926416
qiv_RAS_060622_mean,Eigengene_8,Cerebral_Peduncle,249567157800.36304,1.0994086566684453,1.7276744236674267e-19,0.22173652405302643
qiv_RAS_060622_mean,Eigengene_8,Deep_Mesencephalic_Nuclei,209667731676.82376,0.923641240543077,2.0317758831091724e-19,0.22058370764039506
qiv_RAS_060622_mean,Eigengene_8,Midbrain_Reticular_Nucleus,187358442623.2212,0.8253629825950897,7.571990059396789e-18,0.20334916342416193
qiv_RAS_060622_mean,Eigengene_8,Periaquaductal_Grey,97786476230.48743,0.4307750243279192,2.101127674953691e-17,0.19825138571226555
qiv_RAS_060622_mean,Eigengene_8,Ventral_Tegmental_Area,166975233577.3144,0.7355696112506174,2.0956363941005287e-16,0.18678027387942087
qiv_RAS_060622_mean,Eigengene_8,Dorsal_Tegmentum,127649739179.74344,0.5623305146101838,4.383261080715467e-16,0.1826743564359557
qiv_RAS_060622_mean,Eigengene_9,Thalamus_Rest,13972097569.712173,0.06155074712292669,5.031904197860224e-7,0.0731074227137065
qiv_RAS_060622_mean,Eigengene_9,Brain_Stem_Rest,12150333407.527235,0.05352539912454692,6.987589859173512e-5,0.046384678764917954
qiv_RAS_060622_mean,Eigengene_9,Parasubiculum,11378664563.272636,0.05012599587400592,0.0026198749721592306,0.02699443022736531
qiv_RAS_060622_mean,Eigengene_9,Brachium_of_Superior_Colliculus,23276292560.798748,0.10253816151947305,0.005463977557640473,0.023153731411006028
qiv_RAS_060622_mean,Eigengene_9,Cerebral_Peduncle,26727789007.91133,0.11774290683075922,0.006262160723278174,0.02245091371938589
qiv_RAS_060622_mean,Eigengene_9,Inferior_Colliculus,14371273095.216202,0.06330921980073127,0.0066464732980798,0.022129646813073243
qiv_RAS_060622_mean,Eigengene_9,Postsubiculum,14198942416.322271,0.06255005805102255,0.021426863670057403,0.01617613641947095
qiv_RAS_060622_mean,Eigengene_9,Amygdala,10084065646.71712,0.04442294877309998,0.025763753122561073,0.015201779698881618
qiv_RAS_060622_mean,Eigengene_9,Lateral_Geniculate_Nucleus,15240191442.887552,0.0671370325697979,0.027843509426468106,0.014804695449738342
qiv_RAS_060622_mean,Eigengene_9,Primary_Auditory_Cortex,11406690285.70778,0.050249456517329955,0.03854800124079956,0.013177259842522372
qiv_RAS_060622_mean,Eigengene_9,Midbrain_Reticular_Nucleus,16047499224.32125,0.07069343466744112,0.03854800124079956,0.013169102091325772
rd_mean,Eigengene_1,Posterolateral_Cortical_Amygdaloid_Area,-169.3998269971163,-0.3173428674281215,0.019239186045102837,0.012468756896107018
rd_mean,Eigengene_1,Primary_Somatosensory_Cortex,-187.19788426365616,-0.35068461651804117,0.02024418636893624,0.012277236447952356
rd_mean,Eigengene_1,Amygdalopiriform_Transition_Area,-153.41209324805212,-0.2873924633365519,0.023099709840894742,0.011917359558892195
rd_mean,Eigengene_1,Bed_Nucleus_of_the_Stria_Terminalis,-183.12565422661962,-0.34305595963162,0.023516934175486788,0.01171471174901271
rd_mean,Eigengene_1,Piriform_Cortex,-164.4793720132581,-0.3081251998465885,0.030804018557509767,0.010743539677440999
rd_mean,Eigengene_1,Temporal_Association_Cortex,-149.91638350640707,-0.280843822923072,0.043304539818966134,0.009534284555866192
rd_mean,Eigengene_1,Thalamus_Rest,-156.63788023406906,-0.29343544761818663,0.0442187412444192,0.009456456132270414
rd_mean,Eigengene_1,Cerebellar_Cortex,-148.14538907974048,-0.27752615454335594,0.04736898089085034,0.009214854656188813
rd_mean,Eigengene_1,Frontal_Association_Cortex,-147.81438052661193,-0.2769060641615936,0.04868177368106258,0.00909560022587239
rd_mean,Eigengene_1,Brain_Stem_Rest,-166.39137964666935,-0.3117070334038415,0.04868177368106258,0.009095283272810104
rd_mean,Eigengene_10,Pontine_Reticular_Nucleus,-31.024695275287428,-0.058119691939892165,0.022863916801638268,0.005919211447760787
rd_mean,Eigengene_10,Ventral_Tegmental_Area,-41.2582511905285,-0.07729058506119288,0.0374707019600896,0.010065603327795136
rd_mean,Eigengene_10,Medial_Lemniscus,-42.53851210204423,-0.07968894446874701,0.03982488727133934,0.00984725436952754
rd_mean,Eigengene_2,Pontine_Reticular_Nucleus,-235.28687336067952,-0.4407714717544918,1.2546284455831987e-15,0.06727452625823802
rd_mean,Eigengene_2,Cerebellar_White_Matter,-224.3989272547901,-0.4203746856485371,3.0309505129892335e-11,0.09465919186562179
rd_mean,Eigengene_2,Superior_Cerebellar_Peduncle,-253.53224675831925,-0.47495119444926526,6.230271691230669e-11,0.09096641261714696
rd_mean,Eigengene_2,Fastigial_Medial_Nucleus_of_Cerebellum,-235.92775394383048,-0.441972056699244,2.5186874859006e-10,0.08481151228119446
rd_mean,Eigengene_2,Dentate_(Lateral)_Nucleus_of_Cerebellum,-240.31858108987478,-0.4501975531569871,1.063995730692142e-9,0.07943216662340814
rd_mean,Eigengene_2,Vestibular_Nuclei,-246.24949174154634,-0.46130814415359495,1.093067249467234e-9,0.07909324971538868
rd_mean,Eigengene_2,Medial_Longitudinal_Fasciculus_and_Tectospinal_Tract,-254.0526032803292,-0.4759259972793886,3.381626786495296e-9,0.07445386222408056
rd_mean,Eigengene_2,Cuneate_Nucleus,-219.30598456288882,-0.4108338905595174,4.3475081755932694e-8,0.06312102426814431
rd_mean,Eigengene_2,Ventral_Spinocerebellar_Tract,-248.1149182255176,-0.464802715546574,4.3475081755932694e-8,0.06320373852630415
rd_mean,Eigengene_2,Inferior_Colliculus,-210.94255960817918,-0.395166381898527,7.563236575367949e-8,0.06048215134815197
rd_mean,Eigengene_3,Lateral_Lemniscus,170.79946932379542,0.31996486838996213,1.722264937230378e-5,0.038269070691348044
rd_mean,Eigengene_3,Pontine_Reticular_Nucleus,109.53552377204558,0.20519688724153032,6.362207654847206e-5,0.016809864290374895
rd_mean,Eigengene_3,Brachium_of_Superior_Colliculus,185.20334344900002,0.34694817054554244,1.65616135444054e-4,0.029798838084491058
rd_mean,Eigengene_3,Interpeduncular_Nucleus,128.8530290862412,0.24138507371511608,2.824059721292136e-4,0.027862824624936004
rd_mean,Eigengene_3,Cerebellar_White_Matter,111.21651514652005,0.2083459496246148,3.806005693534922e-4,0.02680765235661285
rd_mean,Eigengene_3,Primary_Somatosensory_Cortex,136.89604598738003,0.2564523502963592,3.917209138241651e-4,0.026655381351110456
rd_mean,Eigengene_3,Superior_Cerebellar_Peduncle,127.05098602916858,0.238009240804909,4.2556231991991195e-4,0.026337206898465446
rd_mean,Eigengene_3,Cingulum,138.1762932929053,0.25885068421531504,5.376944207408866e-4,0.025487347613591196
rd_mean,Eigengene_3,Inferior_Colliculus,125.05853869338773,0.23427671662265498,6.953760867687579e-4,0.024508937518630796
rd_mean,Eigengene_3,Internal_Capsule,164.25907232908978,0.3077125044223558,8.055878655591423e-4,0.023974908998026213
rd_mean,Eigengene_4,Pontine_Reticular_Nucleus,125.66016263395697,0.23540376066867366,3.0309505129892335e-11,0.04829739159437383
rd_mean,Eigengene_4,Spinal_Trigeminal_Nerve,160.78617379160494,0.3012065970686776,5.029943207168525e-7,0.052257499178253106
rd_mean,Eigengene_4,Superior_Cerebellar_Peduncle,120.38315398176107,0.22551814811040677,5.920818620101838e-7,0.05162015250064029
rd_mean,Eigengene_4,Ventral_Tegmental_Area,131.46448652719593,0.24627721207894818,7.131031177952075e-7,0.050829368659032974
rd_mean,Eigengene_4,Medial_Lemniscus,136.4537244968457,0.2556237333336411,8.004800380661224e-7,0.05039657133940492
rd_mean,Eigengene_4,Interpeduncular_Nucleus,114.9037990511546,0.21525347289698588,1.3094215196775295e-6,0.04837030937743126
rd_mean,Eigengene_4,Deep_Mesencephalic_Nuclei,120.91059684357063,0.22650622603904572,1.713590105322968e-6,0.047271563434639674
rd_mean,Eigengene_4,Midbrain_Reticular_Nucleus,123.4564609232287,0.23127548596948697,3.5000763626327283e-6,0.044607553478151984
rd_mean,Eigengene_4,Dorsal_Tegmentum,106.56497209028576,0.19963204455400463,5.5236058377225105e-6,0.04280556792813725
rd_mean,Eigengene_4,Dentate_(Lateral)_Nucleus_of_Cerebellum,110.93921643992648,0.2078264758551053,5.768603504336022e-6,0.04260544298369023
rd_mean,Eigengene_6,Pontine_Reticular_Nucleus,-121.30491776788452,-0.2272449217923236,3.8371669660368856e-14,0.06070282034451833
rd_mean,Eigengene_6,Cuneate_Nucleus,-131.5310537725512,-0.24640191492482688,1.8599931453847279e-9,0.07707729650480942
rd_mean,Eigengene_6,Fastigial_Medial_Nucleus_of_Cerebellum,-118.45763561967333,-0.22191100441290693,5.3073721556332285e-9,0.07258045122403904
rd_mean,Eigengene_6,Vestibular_Nuclei,-125.8044728877894,-0.23567410232463934,1.013066624109264e-8,0.07007735510026365
rd_mean,Eigengene_6,Cerebellar_White_Matter,-104.21182172144452,-0.1952238022389146,1.2186308825865466e-8,0.06930299735643745
rd_mean,Eigengene_6,Cerebellar_Cortex,-116.29337710590693,-0.21785662009156984,1.709161610929884e-8,0.06787726660288368
rd_mean,Eigengene_6,Primary_Auditory_Cortex,-115.38572193909674,-0.2161562766002128,2.1402058460902126e-8,0.06685570495208548
rd_mean,Eigengene_6,Dentate_(Lateral)_Nucleus_of_Cerebellum,-119.01328502321827,-0.22295192268378913,2.467635094408254e-8,0.06613165555766763
rd_mean,Eigengene_6,Inferior_Colliculus,-118.83050615856541,-0.2226095163776996,2.8074401940968937e-8,0.06515556342114609
rd_mean,Eigengene_6,Medial_Longitudinal_Fasciculus_and_Tectospinal_Tract,-128.991527263253,-0.24164452739582795,2.8074401940968937e-8,0.06515670368736912
rd_mean,Eigengene_7,Lateral_Lemniscus,-56.47586282165158,-0.10579829133240624,0.012531621365749663,0.013993255800400766
rd_mean,Eigengene_7,Interpeduncular_Nucleus,-41.2318799863806,-0.07724118292371629,0.043304539818966134,0.00954157992462464
rd_mean,Eigengene_8,Pontine_Reticular_Nucleus,116.26575292138138,0.21780487070030263,1.2546284455831987e-15,0.06726022107722045
rd_mean,Eigengene_8,Ventral_Tegmental_Area,139.55941406891898,0.2614417347543874,3.724314946678316e-11,0.09318420911341915
rd_mean,Eigengene_8,Thalamus_Rest,126.76816575942779,0.23747942328999477,8.997313804214129e-11,0.0893017601341105
rd_mean,Eigengene_8,Bed_Nucleus_of_the_Stria_Terminalis,131.43967273054142,0.24623072748966846,1.5901544341876662e-10,0.08701436490895424
rd_mean,Eigengene_8,Medial_Lemniscus,139.67084593118364,0.26165048412161257,2.0022895532603152e-10,0.08589501535468269
rd_mean,Eigengene_8,Cerebral_Peduncle,160.25711577309204,0.30021549340814435,6.282807834989767e-10,0.08146520949746681
rd_mean,Eigengene_8,Reticular_Nucleus_of_Thalamus,132.71583998058915,0.24862141809205396,1.943399182975382e-9,0.07671306773735112
rd_mean,Eigengene_8,Deep_Mesencephalic_Nuclei,119.66878285048038,0.22417989064446425,2.761067643542607e-9,0.075328482080328385
rd_mean,Eigengene_8,Substantia_Nigra,116.62757310955153,0.2184826816405063,3.992044176315172e-9,0.07371299572728067
rd_mean,Eigengene_8,Midbrain_Reticular_Nucleus,122.93471259545437,0.23029807581891823,6.08623093314377e-9,0.07195418383430663
rd_mean,Eigengene_9,Dentate_(Lateral)_Nucleus_of_Cerebellum,60.90933310370111,0.11410367273038698,0.0010791294951435794,0.0228668771798567
rd_mean,Eigengene_9,Pontine_Reticular_Nucleus,44.38800703273443,0.08315367070255215,0.0016200057027291426,0.01073010587380884
rd_mean,Eigengene_9,Fastigial_Medial_Nucleus_of_Cerebellum,52.1748845404021,0.09774111202642632,0.0034939872865828252,0.018588194066570016
rd_mean,Eigengene_9,Spinal_Trigeminal_Nerve,70.79459540990726,0.1326220947449731,0.0040448435471230485,0.01803830405032244
rd_mean,Eigengene_9,Cerebellar_White_Matter,45.27722917138433,0.08481948293071082,0.004938214095553351,0.017270240536927557
rd_mean,Eigengene_9,Parvicellular_Reticular_Nucleus_and_Principal_Sensory_Trigeminal_Nucleus,56.69311583001867,0.1062052793078646,0.008216773241832762,0.01546070793669845
rd_mean,Eigengene_9,Thalamus_Rest,50.35525362565262,0.0943323311416777,0.008279185858136705,0.015422231664686046
rd_mean,Eigengene_9,Vestibular_Nuclei,50.54235157638064,0.09468282854906299,0.009518708896949725,0.014931969249816712
rd_mean,Eigengene_9,Medial_Longitudinal_Fasciculus_and_Tectospinal_Tract,52.005499792401956,0.0974237974070322,0.012531621365749663,0.01398157011890825
rd_mean,Eigengene_9,Cuneate_Nucleus,48.63853249727942,0.09111633490892074,0.012740705150863563,0.013913982772627894
rtop_RAS_060622_mean,Eigengene_1,Pontine_Reticular_Nucleus,-1.483878467180787,-0.7026589783667164,9.648517488403232e-21,0.12539917033541842
rtop_RAS_060622_mean,Eigengene_1,Spinal_Trigeminal_Nerve,-1.7925425688874979,-0.8488202760475048,2.9759296148745446e-16,0.1829033393793081
rtop_RAS_060622_mean,Eigengene_1,Medial_Longitudinal_Fasciculus_and_Tectospinal_Tract,-1.6280026800988443,-0.7709059234142557,1.1677810638109178e-14,0.165248878839299
rtop_RAS_060622_mean,Eigengene_1,Middle_Cerebellar_Peduncle,-1.6424616884932088,-0.7777526782471393,1.8069516776951743e-13,0.1512443673823761
rtop_RAS_060622_mean,Eigengene_1,Parvicellular_Reticular_Nucleus_and_Principal_Sensory_Trigeminal_Nucleus,-1.7391432359475658,-0.8235341616123244,1.7703590775101924e-11,0.12729718982499405
rtop_RAS_060622_mean,Eigengene_1,Olivary_Complex,-1.4689012226249547,-0.6955668238600597,2.8334170390260873e-11,0.12473997543430722
rtop_RAS_060622_mean,Eigengene_1,Superior_Cerebellar_Peduncle,-1.3786890620219105,-0.6528487805650307,4.6343957407921006e-11,0.12199823371107982
rtop_RAS_060622_mean,Eigengene_1,Lateral_Lemniscus,-1.430855669148828,-0.6775511640009904,1.0558722590397491e-10,0.11750976566839304
rtop_RAS_060622_mean,Eigengene_1,Primary_Somatosensory_Cortex,-1.47182231448769,-0.6969500445680775,2.2969411690317867e-10,0.11350617081089108
rtop_RAS_060622_mean,Eigengene_1,Internal_Capsule,-1.777973264858896,-0.841921293071019,3.226838919912734e-10,0.11166372618923542
rtop_RAS_060622_mean,Eigengene_10,Pontine_Reticular_Nucleus,0.3449138825709846,0.16332660774590146,1.1113033696792258e-19,0.11849787752049437
rtop_RAS_060622_mean,Eigengene_10,Deep_Mesencephalic_Nuclei,0.3733794793429926,0.1768058835685501,5.331456329937456e-13,0.14578266576016968
rtop_RAS_060622_mean,Eigengene_10,Medial_Lemniscus,0.334108431423331,0.15820991697093117,4.134560038513953e-12,0.1350204220755803
rtop_RAS_060622_mean,Eigengene_10,Internal_Capsule,0.4453393607389119,0.21088094959542608,4.272159538561564e-11,0.12252791703297214
rtop_RAS_060622_mean,Eigengene_10,Reticular_Nucleus_of_Thalamus,0.35366211435781075,0.16746914619888087,1.187969222903569e-10,0.11685861902459037
rtop_RAS_060622_mean,Eigengene_10,Superior_Cerebellar_Peduncle,0.31408085507799877,0.14872628563236903,3.8152670944079515e-10,0.11073758202388584
rtop_RAS_060622_mean,Eigengene_10,Parvicellular_Reticular_Nucleus_and_Principal_Sensory_Trigeminal_Nucleus,0.3790181498124183,0.179475955625678,9.87648216949293e-10,0.10574488061638695
rtop_RAS_060622_mean,Eigengene_10,Midbrain_Reticular_Nucleus,0.29199028784722936,0.13826576898951778,1.8881610621004833e-9,0.10227307329558254
rtop_RAS_060622_mean,Eigengene_10,Striatum,0.32519315230899015,0.15398827682122382,2.014890458643508e-9,0.10189015137896619
rtop_RAS_060622_mean,Eigengene_10,Vestibular_Nuclei,0.3762483343844865,0.17816436864473503,2.5382693833855682e-9,0.10069376885796859
rtop_RAS_060622_mean,Eigengene_2,Pontine_Reticular_Nucleus,1.2037127450579879,0.5699924801094884,2.847150016397267e-20,0.12241105676411382
rtop_RAS_060622_mean,Eigengene_2,Spinal_Trigeminal_Nerve,1.5494262494334674,0.7336977316949316,6.110995647503676e-18,0.20272225522876433
rtop_RAS_060622_mean,Eigengene_2,Medial_Longitudinal_Fasciculus_and_Tectospinal_Tract,1.3795165933908125,0.6532406403831368,1.191160485206846e-15,0.17601880967678069
rtop_RAS_060622_mean,Eigengene_2,Middle_Cerebellar_Peduncle,1.408907964796517,0.6671582970251703,1.1803501224882023e-14,0.16509384934087995
rtop_RAS_060622_mean,Eigengene_2,Olivary_Complex,1.2619785438770716,0.5975830055988984,3.0521750690118396e-12,0.1365844768363111
rtop_RAS_060622_mean,Eigengene_2,Parvicellular_Reticular_Nucleus_and_Principal_Sensory_Trigeminal_Nucleus,1.426819761645986,0.6756400461396191,1.822981293709521e-11,0.12710518749965077
rtop_RAS_060622_mean,Eigengene_2,Superior_Cerebellar_Peduncle,1.1273939603217298,0.5338533484359548,5.524741414179118e-11,0.12101779130050562
rtop_RAS_060622_mean,Eigengene_2,Ventral_Spinocerebellar_Tract,1.194808248107103,0.5657759456231675,6.847058267418063e-11,0.11980986972826338
rtop_RAS_060622_mean,Eigengene_2,Cerebellar_White_Matter,1.8261643383060193,0.8647411473809787,2.4852235197932917e-10,0.11304623986438941
rtop_RAS_060622_mean,Eigengene_2,Vestibular_Nuclei,1.3622192340177177,0.6450498450219571,3.0824791616762283e-10,0.11195233286039966
rtop_RAS_060622_mean,Eigengene_3,Pontine_Reticular_Nucleus,-0.8150430822397102,-0.3859462564878917,8.471587462368827e-10,0.05459732757807346
rtop_RAS_060622_mean,Eigengene_3,Lateral_Lemniscus,-0.9595613957009476,-0.4543798194365378,2.236269872475854e-7,0.07626760252790375
rtop_RAS_060622_mean,Eigengene_3,Spinal_Trigeminal_Nerve,-0.8969070830766085,-0.4247112068967708,1.4512463052264194e-6,0.06608301402070195
rtop_RAS_060622_mean,Eigengene_3,Internal_Capsule,-1.122280049044956,-0.5314317648948003,2.070470522498546e-6,0.06420611687216765
rtop_RAS_060622_mean,Eigengene_3,Medial_Lemniscus,-0.7895110623716767,-0.3738561133980758,3.00389503562795e-6,0.06221026648931929
rtop_RAS_060622_mean,Eigengene_3,Medial_Longitudinal_Fasciculus_and_Tectospinal_Tract,-0.8229663142055008,-0.3896981338832305,3.812569433248413e-6,0.06094031082902927
rtop_RAS_060622_mean,Eigengene_3,Reticular_Nucleus_of_Thalamus,-0.8719309676543437,-0.4128843004928247,5.893072711463566e-6,0.05860962042369968
rtop_RAS_060622_mean,Eigengene_3,Brachium_of_Superior_Colliculus,-0.7976179649748334,-0.3776949641037373,7.118119977266614e-6,0.057574497392201635
rtop_RAS_060622_mean,Eigengene_3,Primary_Somatosensory_Cortex,-0.8690359959955762,-0.41151344844992443,7.757270461606336e-6,0.05710793997102717
rtop_RAS_060622_mean,Eigengene_3,Deep_Mesencephalic_Nuclei,-0.8130801836063007,-0.38501676773332577,7.834765007681133e-6,0.057041742162046896
rtop_RAS_060622_mean,Eigengene_4,Pontine_Reticular_Nucleus,-1.112794705629186,-0.5269401829617817,1.5480144618117897e-36,0.21302452617100728
rtop_RAS_060622_mean,Eigengene_4,Spinal_Trigeminal_Nerve,-1.210250679093358,-0.5730883792356828,3.1285993074909825e-22,0.25184588412488923
rtop_RAS_060622_mean,Eigengene_4,Olivary_Complex,-1.1754282682371149,-0.5565989697741343,3.1487980560533055e-21,0.2412760645203705
rtop_RAS_060622_mean,Eigengene_4,Fastigial_Medial_Nucleus_of_Cerebellum,-1.3670142902026419,-0.6473204415395423,2.1323526208238952e-19,0.2203753082034811
rtop_RAS_060622_mean,Eigengene_4,Parvicellular_Reticular_Nucleus_and_Principal_Sensory_Trigeminal_Nucleus,-1.3152477061869077,-0.6228074805103776,2.1542271221344387e-19,0.21992000028714026
rtop_RAS_060622_mean,Eigengene_4,Vestibular_Nuclei,-1.3295839385549826,-0.6295960973763596,3.732232423072764e-19,0.2171676987002453
rtop_RAS_060622_mean,Eigengene_4,Medial_Longitudinal_Fasciculus_and_Tectospinal_Tract,-1.0664915997146973,-0.5050143353828427,6.808117352643849e-19,0.21421243481755492
rtop_RAS_060622_mean,Eigengene_4,Cuneate_Nucleus,-1.4056097171022408,-0.6655964822226016,1.947698628050716e-18,0.20930716312814512
rtop_RAS_060622_mean,Eigengene_4,Superior_Cerebellar_Peduncle,-1.0364630772071943,-0.4907949694349886,2.303323350660872e-18,0.20827160444054788
rtop_RAS_060622_mean,Eigengene_4,Ventral_Spinocerebellar_Tract,-1.1005996480579412,-0.5211654737226789,2.8836826110528885e-18,0.20700435784774432
rtop_RAS_060622_mean,Eigengene_5,Pontine_Reticular_Nucleus,-0.7229502428171248,-0.3423376578763708,7.23613989097634e-27,0.16137194035985186
rtop_RAS_060622_mean,Eigengene_5,Spinal_Trigeminal_Nerve,-0.8550933675353926,-0.4049112143140052,7.828237876985793e-20,0.2256435699099509
rtop_RAS_060622_mean,Eigengene_5,Medial_Longitudinal_Fasciculus_and_Tectospinal_Tract,-0.773444117607307,-0.36624795461465964,6.539405486729436e-18,0.20220848706162622
rtop_RAS_060622_mean,Eigengene_5,Middle_Cerebellar_Peduncle,-0.7875342365506974,-0.3729200297210791,1.0313228700231132e-16,0.18851278389333884
rtop_RAS_060622_mean,Eigengene_5,Olivary_Complex,-0.7659061437077445,-0.3626785079541877,2.553330591380529e-16,0.18385895339534253
rtop_RAS_060622_mean,Eigengene_5,Parvicellular_Reticular_Nucleus_and_Principal_Sensory_Trigeminal_Nucleus,-0.8804730273246416,-0.41692921054026644,1.0094221733239565e-15,0.17688598828232793
rtop_RAS_060622_mean,Eigengene_5,Vestibular_Nuclei,-0.873172174645211,-0.4134720475728147,6.579607180958952e-15,0.16810289113754745
rtop_RAS_060622_mean,Eigengene_5,Superior_Cerebellar_Peduncle,-0.6877367079831587,-0.325663040002764,1.2169853286712842e-14,0.16458054696847432
rtop_RAS_060622_mean,Eigengene_5,Cuneate_Nucleus,-0.9024299596749157,-0.42732644723757024,9.103066873944671e-14,0.15484361379575523
rtop_RAS_060622_mean,Eigengene_5,Ventral_Spinocerebellar_Tract,-0.7066735039348147,-0.3346301555659455,1.2398036599781405e-13,0.15316871331310852
rtop_RAS_060622_mean,Eigengene_6,Cerebellar_Cortex,0.39030891332465234,0.18482245571308395,0.044536832274094634,0.012207991541284345
rtop_RAS_060622_mean,Eigengene_7,Pontine_Reticular_Nucleus,-0.31829128999028306,-0.15072004722361673,8.592102802969298e-17,0.09938763816278587
rtop_RAS_060622_mean,Eigengene_7,Medial_Lemniscus,-0.295373642465418,-0.13986788435950825,1.41018758338626e-9,0.10393497290609101
rtop_RAS_060622_mean,Eigengene_7,Dentate_(Lateral)_Nucleus_of_Cerebellum,-0.41246398957352637,-0.19531351922467427,1.5116152701654713e-9,0.10356114315913999
rtop_RAS_060622_mean,Eigengene_7,Internal_Capsule,-0.4055194672858949,-0.19202508890925646,2.868276991946806e-9,0.10006217594673124
rtop_RAS_060622_mean,Eigengene_7,Deep_Mesencephalic_Nuclei,-0.30739915409473945,-0.14556230873635817,4.854323589486267e-9,0.09732041933704247
rtop_RAS_060622_mean,Eigengene_7,Superior_Cerebellar_Peduncle,-0.2960245408242596,-0.14017610338550013,5.2370785257300496e-9,0.09688603409309356
rtop_RAS_060622_mean,Eigengene_7,Cerebellar_White_Matter,-0.49586430724662833,-0.2348059596824022,5.312577282067585e-9,0.09678544150803957
rtop_RAS_060622_mean,Eigengene_7,Ventral_Spinocerebellar_Tract,-0.2956270857904977,-0.13998789703696998,4.4453692323639414e-8,0.08517115732370538
rtop_RAS_060622_mean,Eigengene_7,Cerebral_Peduncle,-0.30937711791687045,-0.14649893128951452,7.856425097957083e-8,0.0820087138813494
rtop_RAS_060622_mean,Eigengene_7,Ventral_Tegmental_Area,-0.26472287314846166,-0.1253538667153789,9.320552734232435e-8,0.08102572580571837
rtop_RAS_060622_mean,Eigengene_8,Pontine_Reticular_Nucleus,-0.8303998269037604,-0.39321811517129196,8.282628068021933e-27,0.1601172656124781
rtop_RAS_060622_mean,Eigengene_8,Internal_Capsule,-1.1904050779374225,-0.5636909183642405,5.028848961109223e-18,0.20408771929034342
rtop_RAS_060622_mean,Eigengene_8,Deep_Mesencephalic_Nuclei,-0.8911305149145178,-0.4219758363303736,3.699975726428304e-17,0.19358070614140355
rtop_RAS_060622_mean,Eigengene_8,Medial_Lemniscus,-0.8252370079256615,-0.390773372431992,5.051219530103846e-17,0.19202440357957745
rtop_RAS_060622_mean,Eigengene_8,Reticular_Nucleus_of_Thalamus,-0.9012565796525939,-0.4267708181709305,1.0094221733239565e-15,0.17691107086289581
rtop_RAS_060622_mean,Eigengene_8,Midbrain_Reticular_Nucleus,-0.7671162557035649,-0.36325153066292015,1.2169853286712842e-14,0.16455887469549374
rtop_RAS_060622_mean,Eigengene_8,Cerebral_Peduncle,-0.8960922178354633,-0.4243253448531386,1.727522806303583e-14,0.16284327840601412
rtop_RAS_060622_mean,Eigengene_8,Superior_Cerebellar_Peduncle,-0.765424277625172,-0.3624503305550423,1.2231559510703188e-13,0.15331724833721283
rtop_RAS_060622_mean,Eigengene_8,Ventral_Tegmental_Area,-0.7478409744141516,-0.3541241325921871,1.2485072966328796e-13,0.15305210643350314
rtop_RAS_060622_mean,Eigengene_8,Thalamus_Rest,-0.7592914862511124,-0.35954627808933265,3.610480062474638e-13,0.14784393370238263
rtop_RAS_060622_mean,Eigengene_9,Primary_Auditory_Cortex,-0.09948982496400668,-0.04711128324404452,0.016499969266623452,0.01705649155142175
rtop_RAS_060622_mean,Eigengene_9,Brachium_of_Superior_Colliculus,-0.08603487998672184,-0.040739981213035695,0.017690874413217338,0.016706612885690992
rtop_RAS_060622_mean,Eigengene_9,Primary_Somatosensory_Cortex,-0.09177193298496965,-0.04345664021695136,0.020823460869080587,0.01588326258661702
rtop_RAS_060622_mean,Eigengene_9,Parasubiculum,-0.08801522777190884,-0.04167773264101699,0.027236632990051177,0.014579316663210037
rtop_RAS_060622_mean,Eigengene_9,Cerebellar_Cortex,-0.12867934362694972,-0.060933356827797235,0.03113667794361077,0.013927844925135135
rtop_RAS_060622_mean,Eigengene_9,Medial_Parietal_Association_Cortex,-0.08312374479482688,-0.03936147527399366,0.035292962581889575,0.013319891966273048
volume_percentage_mean,Eigengene_1,Piriform_Cortex,94.94380392273689,3.5733636024518964,1.0484998152659733e-9,0.0778723522065654
volume_percentage_mean,Eigengene_1,Thalamus_Rest,-380.9335369838731,-14.337049704888214,2.688223927418616e-4,0.030084791658668862
volume_percentage_mean,Eigengene_1,Reticular_Nucleus_of_Thalamus,-1005.7139500163375,-37.85167093569407,0.005979260808100807,0.017584013535234626
volume_percentage_mean,Eigengene_1,Cerebellar_Cortex,-44.62844927068434,-1.6796638608193113,0.008574077692065536,0.016147066887831196
volume_percentage_mean,Eigengene_1,Posterolateral_Cortical_Amygdaloid_Area,645.4558563452748,24.2927749759275,0.03169943236924969,0.011218764999004854
volume_percentage_mean,Eigengene_10,Ventral_Orbital_Cortex,256.35656321969145,9.648393833096952,2.63715154108486e-4,0.030184105534421933
volume_percentage_mean,Eigengene_10,Cerebellar_Cortex,13.90465544314911,0.523324194021314,4.597010701690468e-4,0.027931189683850402
volume_percentage_mean,Eigengene_10,Primary_Auditory_Cortex,-247.04052200706582,-9.297769556285552,7.341378355939043e-4,0.026155514593977018
volume_percentage_mean,Eigengene_10,Temporal_Association_Cortex,-112.62970352523536,-4.23900103538661,7.341378355939043e-4,0.026175021175713513
volume_percentage_mean,Eigengene_10,Postsubiculum,-315.63258308093157,-11.87934270094267,0.002084232638532283,0.021860348230311768
volume_percentage_mean,Eigengene_10,Cuneate_Nucleus,579.8351443482272,21.82303335900186,0.0021405605302745826,0.02174661067792698
volume_percentage_mean,Eigengene_10,Hippocampus,17.735101922809488,0.6674892418289333,0.002677008017190074,0.02089911789794823
volume_percentage_mean,Eigengene_10,Parasubiculum,381.5844890365928,14.361549338103103,0.002677008017190074,0.020920709378974358
volume_percentage_mean,Eigengene_10,Medial_Parietal_Association_Cortex,-750.8152739693973,-28.258147044018486,0.004406885809534878,0.01879953851133846
volume_percentage_mean,Eigengene_10,Brain_Stem_Rest,-29.9491078868164,-1.1271831086075381,0.005979260808100807,0.017547538046227152
volume_percentage_mean,Eigengene_2,Periaquaductal_Grey,588.8542098008666,22.1624804728209,8.914980667687411e-27,0.21078019377726606
volume_percentage_mean,Eigengene_2,Thalamus_Rest,507.45034690369,19.09871444747322,9.973564740566439e-24,0.18799273357637028
volume_percentage_mean,Eigengene_2,Brachium_of_Superior_Colliculus,3331.760656381794,125.39620038064514,3.1878089585231427e-16,0.13243729889703013
volume_percentage_mean,Eigengene_2,Cerebellar_White_Matter,-94.36304701677868,-3.5515058771040526,3.573577384925429e-12,0.09924093435770283
volume_percentage_mean,Eigengene_2,Inferior_Colliculus,308.61062499771333,11.615059952666131,1.8453392609228265e-11,0.09321426917768645
volume_percentage_mean,Eigengene_2,Dorsal_Tegmentum,1265.7781326694962,47.63960702208119,2.414453498020451e-9,0.07491232774388114
volume_percentage_mean,Eigengene_2,Secondary_Somatosensory_Cortex,249.86188955911354,9.403956286783828,2.9332800710681793e-8,0.06540604613622293
volume_percentage_mean,Eigengene_2,Posterolateral_Cortical_Amygdaloid_Area,-781.5881001893521,-29.4163321242001,1.8641967946529592e-7,0.05792595497130707
volume_percentage_mean,Eigengene_2,Piriform_Cortex,-42.209612486541936,-1.5886270267383586,4.884761003209393e-7,0.054197360138287104
volume_percentage_mean,Eigengene_2,Lateral_Lemniscus,1245.4992393825894,46.87637807848047,4.99623970492113e-7,0.05405143514451376
volume_percentage_mean,Eigengene_3,Cerebellar_Cortex,52.01920233514169,1.9578268046248137,4.832225765002514e-11,0.08906391294104068
volume_percentage_mean,Eigengene_3,Accumbens,-395.9707735587594,-14.903000421397147,5.735694328934581e-10,0.08041247779010123
volume_percentage_mean,Eigengene_3,Brain_Stem_Rest,133.38417902074087,5.020129284513564,7.57705990600376e-10,0.07929804415329862
volume_percentage_mean,Eigengene_3,Amygdalopiriform_Transition_Area,3472.430764144735,130.69054737607487,3.798849912540949e-9,0.07323645711297762
volume_percentage_mean,Eigengene_3,Thalamus_Rest,-287.25836552499476,-10.811433136828715,9.926788222753777e-9,0.06945416641642553
volume_percentage_mean,Eigengene_3,Lateral_Geniculate_Nucleus,-2103.701523327082,-79.17620890771371,5.535569886946599e-8,0.06275421837940535
volume_percentage_mean,Eigengene_3,Dorsal_Tegmentum,-1053.3008165549934,-39.642679614705635,1.1253789668136825e-7,0.05980561136249111
volume_percentage_mean,Eigengene_3,Midbrain_Reticular_Nucleus,-590.618059196277,-22.22886579729033,1.9531809683694582e-7,0.05768888973791494
volume_percentage_mean,Eigengene_3,Periaquaductal_Grey,-260.7615428804774,-9.814182366303468,2.8185125863883095e-6,0.04765410229620629
volume_percentage_mean,Eigengene_3,Cingulum,-1502.5397347141436,-56.55051280265281,4.559024887202596e-6,0.045813558349870546
volume_percentage_mean,Eigengene_4,Posterolateral_Cortical_Amygdaloid_Area,764.2513561840473,28.763835726815646,4.744715349511497e-17,0.1394000571473968
volume_percentage_mean,Eigengene_4,Secondary_Somatosensory_Cortex,-217.06455746986012,-8.16957565420841,3.29951586778551e-15,0.12424212798190185
volume_percentage_mean,Eigengene_4,Thalamus_Rest,-249.1455757928543,-9.376996659777983,6.423031749926303e-14,0.1140600361999089
volume_percentage_mean,Eigengene_4,Cerebral_Peduncle,-724.4093345961688,-27.26431681238426,1.902935935813985e-11,0.09284717652889761
volume_percentage_mean,Eigengene_4,Ventral_Orbital_Cortex,-584.9606509489545,-22.015940088819004,1.0084692296882501e-9,0.07816680691968862
volume_percentage_mean,Eigengene_4,Medial_Lemniscus,-1384.4325503406985,-52.105357917437686,2.9332800710681793e-8,0.06532002684168119
volume_percentage_mean,Eigengene_4,Cerebellar_Cortex,29.952744999132356,1.1273199972114378,3.657145841607371e-8,0.06446468513138752
volume_percentage_mean,Eigengene_4,Spinal_Trigeminal_Nerve,415.5621303780699,15.640352818165747,9.374679698314947e-8,0.06068518490549666
volume_percentage_mean,Eigengene_4,Medial_Parietal_Association_Cortex,-1764.8557815898494,-66.42320144073618,9.487797458737279e-7,0.05166293449114681
volume_percentage_mean,Eigengene_4,Ventral_Spinocerebellar_Tract,-1122.2062213439572,-42.23604595681501,1.6762836346124053e-6,0.04965390766805659
volume_percentage_mean,Eigengene_5,Cerebral_Peduncle,-556.9957167186004,-20.963434564551086,1.2688228692562199e-12,0.10372529226286352
volume_percentage_mean,Eigengene_5,Posterolateral_Cortical_Amygdaloid_Area,470.1461957763944,17.694712392035033,3.468233047177818e-12,0.0996865805249743
volume_percentage_mean,Eigengene_5,Thalamus_Rest,-159.20506471417062,-5.99194007476863,6.247017448844002e-11,0.08800781440241322
volume_percentage_mean,Eigengene_5,Medial_Geniculate_Nucleus,-1240.707536991004,-46.69603460989574,4.102394170953233e-9,0.0728339607249008
volume_percentage_mean,Eigengene_5,Primary_Somatosensory_Cortex,-391.04156749769095,-14.71748177984431,2.9196371596677012e-8,0.0655618267433605
volume_percentage_mean,Eigengene_5,Medial_Parietal_Association_Cortex,-1408.823763622819,-53.023360674444035,6.318936779309126e-8,0.062209153892233034
volume_percentage_mean,Eigengene_5,Ventral_Orbital_Cortex,-373.2988154205576,-14.0497046120856,1.0679752612612861e-7,0.06015373798348832
volume_percentage_mean,Eigengene_5,Cerebellar_Cortex,21.020970281335472,0.7911582113633735,1.0901747457893623e-7,0.05999767960671416
volume_percentage_mean,Eigengene_5,Secondary_Somatosensory_Cortex,-106.20966030998845,-3.997372326574807,2.823934812415117e-7,0.056208166277787616
volume_percentage_mean,Eigengene_5,Striatum,-38.6401549045545,-1.454284718162346,6.669421366697981e-7,0.05293170542735309
volume_percentage_mean,Eigengene_6,Inferior_Colliculus,176.39620389047687,6.638956398943731,1.2688228692562199e-12,0.10337985607867421
volume_percentage_mean,Eigengene_6,Lateral_Lemniscus,883.8010504347014,33.2632818040673,2.028154479817087e-11,0.09239024655937295
volume_percentage_mean,Eigengene_6,Periaquaductal_Grey,182.73555444096334,6.877548108822263,1.1257702977700984e-8,0.0689060166103378
volume_percentage_mean,Eigengene_6,Brachium_of_Superior_Colliculus,1237.2889836906409,46.567371827999395,6.535895062372428e-8,0.06200144610977934
volume_percentage_mean,Eigengene_6,Corpus_Callosum,-56.8917980275643,-2.14121482340417,1.8641967946529592e-7,0.057928283118054286
volume_percentage_mean,Eigengene_6,Primary_Somatosensory_Cortex,-392.40030240412165,-14.768619965375333,3.2178763898339386e-6,0.047120202076879114
volume_percentage_mean,Eigengene_6,Postsubiculum,-506.64382173540633,-19.068359568463322,3.812055146095828e-5,0.03778349845706267
volume_percentage_mean,Eigengene_6,Cerebellar_White_Matter,-30.75436858598207,-1.157490397277221,6.330176352098432e-5,0.03578469875878332
volume_percentage_mean,Eigengene_6,Fastigial_Medial_Nucleus_of_Cerebellum,-524.1474828682766,-19.72713816188138,2.006107028561936e-4,0.031223127709004116
volume_percentage_mean,Eigengene_6,Medial_Parietal_Association_Cortex,-1053.002420724249,-39.63144900505437,0.001005912687950989,0.02480521401829086
volume_percentage_mean,Eigengene_7,Inferior_Colliculus,154.26967048729145,5.806188531588009,4.114595886504468e-11,0.08981293191812513
volume_percentage_mean,Eigengene_7,Bed_Nucleus_of_the_Stria_Terminalis,914.7797683677101,34.42921595183498,4.5646293256739e-8,0.06360845854131669
volume_percentage_mean,Eigengene_7,Middle_Cerebellar_Peduncle,-454.595653364755,-17.109442580248704,2.3041049343029956e-7,0.05704955322149654
volume_percentage_mean,Eigengene_7,Parasubiculum,-584.1232070207066,-21.984421532276738,4.211139139250423e-5,0.03735317031885599
volume_percentage_mean,Eigengene_7,Cerebral_Peduncle,-358.8002937272831,-13.504029301348488,7.827311019341853e-5,0.03489395000205451
volume_percentage_mean,Eigengene_7,Reticular_Nucleus_of_Thalamus,-332.67938877212384,-12.520926800991344,7.346805478357679e-4,0.02612422020424116
volume_percentage_mean,Eigengene_7,Olivary_Complex,327.41250121982586,12.32269897042207,8.138760646774409e-4,0.025662545306424183
volume_percentage_mean,Eigengene_7,Cuneate_Nucleus,-721.8225104486116,-27.16695750221442,8.138760646774409e-4,0.025678338440001974
volume_percentage_mean,Eigengene_7,Amygdala,59.357188353471045,2.234003775315145,0.002883614394967292,0.020602058263289282
volume_percentage_mean,Eigengene_7,Ventral_Spinocerebellar_Tract,-571.6028910244634,-21.513199192074598,0.003566770560728238,0.01973516903902908
volume_percentage_mean,Eigengene_8,Ventral_Orbital_Cortex,-501.67082034997975,-18.881192619053067,1.8322309764883928e-11,0.09352613339965601
volume_percentage_mean,Eigengene_8,Accumbens,-197.33474432681433,-7.427012229786228,6.667281185198942e-9,0.07092588116094503
volume_percentage_mean,Eigengene_8,Parvicellular_Reticular_Nucleus_and_Principal_Sensory_Trigeminal_Nucleus,219.62451596819832,8.265923832223216,5.535569886946599e-8,0.06279429691298494
volume_percentage_mean,Eigengene_8,Olivary_Complex,470.57770447758406,17.71095291983423,2.8144116572292203e-7,0.056292976275608315
volume_percentage_mean,Eigengene_8,Vestibular_Nuclei,360.99666097087197,13.586693134496041,4.010763287423317e-7,0.05494018551109332
volume_percentage_mean,Eigengene_8,Cerebral_Peduncle,-432.2149439510602,-16.267108387687294,5.322013129017653e-7,0.05376831357247526
volume_percentage_mean,Eigengene_8,Midbrain_Reticular_Nucleus,273.23564173520936,10.283665249643164,7.5040237935071e-6,0.04384841307033671
volume_percentage_mean,Eigengene_8,Internal_Capsule,-167.79387550268993,-6.315193858501752,1.2541302103077191e-5,0.04182727537497172
volume_percentage_mean,Eigengene_8,Inferior_Colliculus,99.06927305672691,3.7286323049618066,2.4925481774245568e-5,0.03933127507829747
volume_percentage_mean,Eigengene_8,Perirhinal_Cortex,-299.51035556651277,-11.272556595791691,5.282310498647288e-5,0.03644699353704613
volume_percentage_mean,Eigengene_9,Ventral_Orbital_Cortex,-421.3157331062949,-15.856898961490144,4.7550514575334995e-9,0.0721985862142533
volume_percentage_mean,Eigengene_9,Midbrain_Reticular_Nucleus,-270.158527607498,-10.167853083179946,3.3573480536689135e-6,0.04691746988121016
volume_percentage_mean,Eigengene_9,Dorsal_Tegmentum,-448.8958152739206,-16.89491995600007,1.162772832827007e-5,0.04222276715562505
volume_percentage_mean,Eigengene_9,Medial_Geniculate_Nucleus,-940.7544183782885,-35.40681391082994,2.4703439781482217e-5,0.03945586444527328
volume_percentage_mean,Eigengene_9,Inferior_Colliculus,-91.63612954002393,-3.4488739279327794,4.781719406694118e-5,0.03683083708866667
volume_percentage_mean,Eigengene_9,Parasubiculum,-518.2135012278787,-19.503803166489657,9.336067859394776e-5,0.03416932013985185
volume_percentage_mean,Eigengene_9,Cuneate_Nucleus,-729.5640853651516,-27.45832419376743,2.4369050420058007e-4,0.03048830727368484
volume_percentage_mean,Eigengene_9,Deep_Mesencephalic_Nuclei,-220.80102929959972,-8.31020381409175,6.324171612153937e-4,0.026752075043160864
volume_percentage_mean,Eigengene_9,Superior_Cerebellar_Peduncle,-618.3840870720669,-23.273885159235792,9.218979367678325e-4,0.025151673342387933
volume_percentage_mean,Eigengene_9,Spinal_Trigeminal_Nerve,187.6960050185145,7.064242688281061,0.0020159875940715887,0.022042714874198954
